{"id": "20250608-GU3PKJ", "kind": "standard", "state": "finished", "settings": {"timeout": 120, "priority": 1, "platforms": [{"platform": "windows", "os_version": "10", "tags": [], "settings": {"browser": "", "command": [], "route": {}}}], "manual": true, "dump_memory": false, "options": {}, "enforce_timeout": true, "route": {"type": "internet", "options": {}}, "command": [], "orig_filename": false, "password": "infected", "browser": "", "extrpath": ["ecb53ca6e4654e473b1d9dade8e8f84aa42222df4adb552fa5ef409c01680545.exe"]}, "created_on": {"__isodt__": "2025-06-08T10:55:56.199960"}, "category": "file", "submitted": {"size": 4979615, "md5": "3191a0793f75469f57aa26b47a2585cf", "sha1": "08c625b0e50f6564224417996c052e2685ca1119", "sha256": "38e08381b2b8cfcfbffe59d781a32b6cb76d96f5ab0b8bc4bfdccf7bb9527dc0", "sha512": "69109f90c3c30a32487f82a2cee53f42eabf4133e461cf541e1cd0de16ad8ff81ba1003d31ad371910f6dd636ba2f68be0c6e6de5d37ccb93752e9d8abad9192", "media_type": "application/zip", "type": "Zip archive data, at least v5.1 to extract, compression method=AES Encrypted", "filename": "coinminer2.zip", "category": "file"}, "score": 10, "target": {"filename": "ecb53ca6e4654e473b1d9dade8e8f84aa42222df4adb552fa5ef409c01680545.exe", "orig_filename": "ecb53ca6e4654e473b1d9dade8e8f84aa42222df4adb552fa5ef409c01680545.exe", "platforms": [{"platform": "windows", "os_version": ""}], "machine_tags": [], "size": 5928448, "filetype": "PE32 executable (GUI) Intel 80386 (stripped to external PDB), for MS Windows", "media_type": "application/x-dosexec", "extrpath": ["ecb53ca6e4654e473b1d9dade8e8f84aa42222df4adb552fa5ef409c01680545.exe"], "container": false, "sha512": "78f6535e1debf3a9d20dead05ed4021e9b8a38fce406a8e9d9f5212688f060aee3e69ef3df8f4edb454c5ba6725d7b9eca7731379be81011eacb94e60232d54c", "sha256": "ecb53ca6e4654e473b1d9dade8e8f84aa42222df4adb552fa5ef409c01680545", "sha1": "e101f6dd45503e498eab79f709b61c9d66a4d185", "md5": "eacedaa9ea56a7b1108fae583b93b54c"}, "errors": {}, "tasks": [{"id": "20250608-GU3PKJ_1", "platform": "windows", "os_version": "10", "state": "reported", "score": 10, "started_on": {"__isodt__": "2025-06-08T10:56:04.552296"}, "stopped_on": {"__isodt__": "2025-06-08T10:58:24.274197"}}], "families": ["xmrig"], "tags": ["miner", "evasion"], "ttps": [{"id": "T1059.003", "name": "Windows Command Shell", "tactics": ["Execution"], "reference": "https://attack.mitre.org/techniques/T1059/003", "subtechniques": []}, {"id": "T1547.001", "name": "Registry Run Keys / Startup Folder", "tactics": ["Persistence", "Privilege Escalation"], "reference": "https://attack.mitre.org/techniques/T1547/001", "subtechniques": []}, {"id": "T1489", "name": "Service Stop", "tactics": ["Impact"], "reference": "https://attack.mitre.org/techniques/T1489", "subtechniques": []}, {"id": "T1055", "name": "Process Injection", "tactics": ["Defense Evasion", "Privilege Escalation"], "reference": "https://attack.mitre.org/techniques/T1055", "subtechniques": ["T1055.001", "T1055.002", "T1055.003", "T1055.004", "T1055.005", "T1055.008", "T1055.009", "T1055.011", "T1055.012", "T1055.013", "T1055.014"]}, {"id": "T1134.004", "name": "Parent PID Spoofing", "tactics": ["Defense Evasion", "Privilege Escalation"], "reference": "https://attack.mitre.org/techniques/T1134/004", "subtechniques": []}, {"id": "T1569.002", "name": "Service Execution", "tactics": ["Execution"], "reference": "https://attack.mitre.org/techniques/T1569/002", "subtechniques": []}, {"id": "T1112", "name": "Modify Registry", "tactics": ["Defense Evasion"], "reference": "https://attack.mitre.org/techniques/T1112", "subtechniques": []}]}