{"analysis_id": "20250608-GU3PKJ", "score": 10, "signatures": [{"name": "virustotal", "short_description": "Virustotal sources report this target as malicious", "description": "53 Virustotal antivirus engines detect this target as malicious", "ttps": [], "tags": [], "family": "", "iocs": {"truncated": false, "count": 53, "iocs": [{"truncated": false, "ioc": {"antivirus": "Kaspersky"}}, {"truncated": false, "ioc": {"antivirus": "Lionic"}}, {"truncated": false, "ioc": {"antivirus": "TrendMicro-HouseCall"}}, {"truncated": false, "ioc": {"antivirus": "F-Secure"}}, {"truncated": false, "ioc": {"antivirus": "Antiy-AVL"}}, {"truncated": false, "ioc": {"antivirus": "ESET-NOD32"}}, {"truncated": false, "ioc": {"antivirus": "MicroWorld-eScan"}}, {"truncated": false, "ioc": {"antivirus": "K7AntiVirus"}}, {"truncated": false, "ioc": {"antivirus": "CAT-QuickHeal"}}, {"truncated": false, "ioc": {"antivirus": "DrWeb"}}, {"truncated": false, "ioc": {"antivirus": "VBA32"}}, {"truncated": false, "ioc": {"antivirus": "Emsisoft"}}, {"truncated": false, "ioc": {"antivirus": "Gridinsoft"}}, {"truncated": false, "ioc": {"antivirus": "alibabacloud"}}, {"truncated": false, "ioc": {"antivirus": "Fortinet"}}, {"truncated": false, "ioc": {"antivirus": "ALYac"}}, {"truncated": false, "ioc": {"antivirus": "Cylance"}}, {"truncated": false, "ioc": {"antivirus": "Varist"}}, {"truncated": false, "ioc": {"antivirus": "Avast"}}, {"truncated": false, "ioc": {"antivirus": "Panda"}}, {"truncated": false, "ioc": {"antivirus": "Rising"}}, {"truncated": false, "ioc": {"antivirus": "Bkav"}}, {"truncated": false, "ioc": {"antivirus": "K7GW"}}, {"truncated": false, "ioc": {"antivirus": "Microsoft"}}, {"truncated": false, "ioc": {"antivirus": "Cynet"}}, {"truncated": false, "ioc": {"antivirus": "Symantec"}}, {"truncated": false, "ioc": {"antivirus": "BitDefender"}}, {"truncated": false, "ioc": {"antivirus": "AVG"}}, {"truncated": false, "ioc": {"antivirus": "CTX"}}, {"truncated": false, "ioc": {"antivirus": "Sangfor"}}, {"truncated": false, "ioc": {"antivirus": "TrellixENS"}}, {"truncated": false, "ioc": {"antivirus": "Alibaba"}}, {"truncated": false, "ioc": {"antivirus": "Paloalto"}}, {"truncated": false, "ioc": {"antivirus": "Trapmine"}}, {"truncated": false, "ioc": {"antivirus": "GData"}}, {"truncated": false, "ioc": {"antivirus": "VIPRE"}}, {"truncated": false, "ioc": {"antivirus": "Ikarus"}}, {"truncated": false, "ioc": {"antivirus": "Avira"}}, {"truncated": false, "ioc": {"antivirus": "CrowdStrike"}}, {"truncated": false, "ioc": {"antivirus": "McAfeeD"}}, {"truncated": false, "ioc": {"antivirus": "SentinelOne"}}, {"truncated": false, "ioc": {"antivirus": "Arcabit"}}, {"truncated": false, "ioc": {"antivirus": "DeepInstinct"}}, {"truncated": false, "ioc": {"antivirus": "AhnLab-V3"}}, {"truncated": false, "ioc": {"antivirus": "MaxSecure"}}, {"truncated": false, "ioc": {"antivirus": "Malwarebytes"}}, {"truncated": false, "ioc": {"antivirus": "Google"}}, {"truncated": false, "ioc": {"antivirus": "Sophos"}}, {"truncated": false, "ioc": {"antivirus": "APEX"}}, {"truncated": false, "ioc": {"antivirus": "Skyhigh"}}, {"truncated": false, "ioc": {"antivirus": "huorong"}}, {"truncated": false, "ioc": {"antivirus": "Tencent"}}, {"truncated": false, "ioc": {"antivirus": "Elastic"}}]}, "score": 10}], "target": {"filename": "ecb53ca6e4654e473b1d9dade8e8f84aa42222df4adb552fa5ef409c01680545.exe", "orig_filename": "ecb53ca6e4654e473b1d9dade8e8f84aa42222df4adb552fa5ef409c01680545.exe", "platforms": [{"platform": "windows", "os_version": ""}], "machine_tags": [], "size": 5928448, "filetype": "PE32 executable (GUI) Intel 80386 (stripped to external PDB), for MS Windows", "media_type": "application/x-dosexec", "extrpath": ["ecb53ca6e4654e473b1d9dade8e8f84aa42222df4adb552fa5ef409c01680545.exe"], "container": false, "sha512": "78f6535e1debf3a9d20dead05ed4021e9b8a38fce406a8e9d9f5212688f060aee3e69ef3df8f4edb454c5ba6725d7b9eca7731379be81011eacb94e60232d54c", "sha256": "ecb53ca6e4654e473b1d9dade8e8f84aa42222df4adb552fa5ef409c01680545", "sha1": "e101f6dd45503e498eab79f709b61c9d66a4d185", "md5": "eacedaa9ea56a7b1108fae583b93b54c"}, "category": "file", "ttps": [], "tags": [], "families": [], "platforms": [], "virustotal": {"avs": {"Bkav": {"method": "blacklist", "engine_name": "Bkav", "engine_version": "2.0.0.1", "engine_update": "20250608", "category": "malicious", "result": "W32.AIDetectMalware"}, "Lionic": {"method": "blacklist", "engine_name": "Lionic", "engine_version": "8.16", "engine_update": "20250607", "category": "malicious", "result": "Trojan.Win32.Dapato.4!c"}, "AVG": {"method": "blacklist", "engine_name": "AVG", "engine_version": "23.9.8494.0", "engine_update": "20250608", "category": "malicious", "result": "Win32:Evo-gen [Trj]"}, "Elastic": {"method": "blacklist", "engine_name": "Elastic", "engine_version": "4.0.208", "engine_update": "20250528", "category": "malicious", "result": "malicious (high confidence)"}, "MicroWorld-eScan": {"method": "blacklist", "engine_name": "MicroWorld-eScan", "engine_version": "14.0.409.0", "engine_update": "20250608", "category": "malicious", "result": "Gen:Variant.FakeAlert.2"}, "CTX": {"method": "blacklist", "engine_name": "CTX", "engine_version": "2024.8.29.1", "engine_update": "20250608", "category": "malicious", "result": "exe.trojan.generic"}, "CAT-QuickHeal": {"method": "blacklist", "engine_name": "CAT-QuickHeal", "engine_version": "22.00", "engine_update": "20250607", "category": "malicious", "result": "Trojan.Agent"}, "Skyhigh": {"method": "blacklist", "engine_name": "Skyhigh", "engine_version": "v2021.2.0+4045", "engine_update": "20250607", "category": "malicious", "result": "BehavesLike.Win32.Generic.tc"}, "ALYac": {"method": "blacklist", "engine_name": "ALYac", "engine_version": "2.0.0.10", "engine_update": "20250607", "category": "malicious", "result": "Gen:Variant.FakeAlert.2"}, "Malwarebytes": {"method": "blacklist", "engine_name": "Malwarebytes", "engine_version": "4.5.5.54", "engine_update": "20250608", "category": "malicious", "result": "Trojan.Injector"}, "Zillya": {"method": "blacklist", "engine_name": "Zillya", "engine_version": "2.0.0.5375", "engine_update": "20250606", "category": "undetected", "result": null}, "Sangfor": {"method": "blacklist", "engine_name": "Sangfor", "engine_version": "2.22.3.0", "engine_update": "20250606", "category": "malicious", "result": "Trojan.Win32.Save.a"}, "K7AntiVirus": {"method": "blacklist", "engine_name": "K7AntiVirus", "engine_version": "12.241.55995", "engine_update": "20250608", "category": "malicious", "result": "Trojan ( 005a7a3c1 )"}, "Alibaba": {"method": "blacklist", "engine_name": "Alibaba", "engine_version": "0.3.0.5", "engine_update": "20190527", "category": "malicious", "result": "TrojanDropper:Win32/Dapato.b3944124"}, "K7GW": {"method": "blacklist", "engine_name": "K7GW", "engine_version": "12.241.55994", "engine_update": "20250608", "category": "malicious", "result": "Trojan ( 005a7a3c1 )"}, "CrowdStrike": {"method": "blacklist", "engine_name": "CrowdStrike", "engine_version": "1.0", "engine_update": "20231026", "category": "malicious", "result": "win/malicious_confidence_100% (W)"}, "Baidu": {"method": "blacklist", "engine_name": "Baidu", "engine_version": "1.0.0.2", "engine_update": "20190318", "category": "undetected", "result": null}, "VirIT": {"method": "blacklist", "engine_name": "VirIT", "engine_version": "9.5.970", "engine_update": "20250606", "category": "undetected", "result": null}, "Symantec": {"method": "blacklist", "engine_name": "Symantec", "engine_version": "1.22.0.0", "engine_update": "20250607", "category": "malicious", "result": "ML.Attribute.HighConfidence"}, "tehtris": {"method": "blacklist", "engine_name": "tehtris", "engine_version": "v0.1.4", "engine_update": "20250608", "category": "undetected", "result": null}, "ESET-NOD32": {"method": "blacklist", "engine_name": "ESET-NOD32", "engine_version": "31329", "engine_update": "20250608", "category": "malicious", "result": "a variant of Win32/TrojanDropper.Agent.SRP"}, "Cynet": {"method": "blacklist", "engine_name": "Cynet", "engine_version": "4.0.3.4", "engine_update": "20250608", "category": "malicious", "result": "Malicious (score: 100)"}, "APEX": {"method": "blacklist", "engine_name": "APEX", "engine_version": "6.663", "engine_update": "20250607", "category": "malicious", "result": "Malicious"}, "Paloalto": {"method": "blacklist", "engine_name": "Paloalto", "engine_version": "0.9.0.1003", "engine_update": "20250608", "category": "malicious", "result": "generic.ml"}, "ClamAV": {"method": "blacklist", "engine_name": "ClamAV", "engine_version": "1.4.2.0", "engine_update": "20250607", "category": "undetected", "result": null}, "Kaspersky": {"method": "blacklist", "engine_name": "Kaspersky", "engine_version": "22.0.1.28", "engine_update": "20250608", "category": "malicious", "result": "HEUR:Trojan.Win32.Agent.pef"}, "BitDefender": {"method": "blacklist", "engine_name": "BitDefender", "engine_version": "7.2", "engine_update": "20250608", "category": "malicious", "result": "Gen:Variant.FakeAlert.2"}, "NANO-Antivirus": {"method": "blacklist", "engine_name": "NANO-Antivirus", "engine_version": "1.0.170.26710", "engine_update": "20250608", "category": "undetected", "result": null}, "SUPERAntiSpyware": {"method": "blacklist", "engine_name": "SUPERAntiSpyware", "engine_version": "5.6.0.1032", "engine_update": "20250607", "category": "undetected", "result": null}, "Avast": {"method": "blacklist", "engine_name": "Avast", "engine_version": "23.9.8494.0", "engine_update": "20250608", "category": "malicious", "result": "Win32:Evo-gen [Trj]"}, "Tencent": {"method": "blacklist", "engine_name": "Tencent", "engine_version": "1.0.0.1", "engine_update": "20250608", "category": "malicious", "result": "Trojan-Dropper.Win32.Agent.ca"}, "Emsisoft": {"method": "blacklist", "engine_name": "Emsisoft", "engine_version": "2024.8.0.61147", "engine_update": "20250608", "category": "malicious", "result": "Gen:Variant.FakeAlert.2 (B)"}, "F-Secure": {"method": "blacklist", "engine_name": "F-Secure", "engine_version": "18.10.1547.307", "engine_update": "20250608", "category": "malicious", "result": "Heuristic.HEUR/AGEN.1369661"}, "DrWeb": {"method": "blacklist", "engine_name": "DrWeb", "engine_version": "7.0.67.2170", "engine_update": "20250608", "category": "malicious", "result": "Trojan.Siggen31.32332"}, "VIPRE": {"method": "blacklist", "engine_name": "VIPRE", "engine_version": "6.0.0.35", "engine_update": "20250607", "category": "malicious", "result": "Gen:Variant.FakeAlert.2"}, "TrendMicro": {"method": "blacklist", "engine_name": "TrendMicro", "engine_version": "24.550.0.1002", "engine_update": "20250608", "category": "undetected", "result": null}, "McAfeeD": {"method": "blacklist", "engine_name": "McAfeeD", "engine_version": "1.2.0.10275", "engine_update": "20250608", "category": "malicious", "result": "ti!ECB53CA6E465"}, "SentinelOne": {"method": "blacklist", "engine_name": "SentinelOne", "engine_version": "25.1.1.1", "engine_update": "20250114", "category": "malicious", "result": "Static AI - Suspicious PE"}, "Trapmine": {"method": "blacklist", "engine_name": "Trapmine", "engine_version": "4.0.4.0", "engine_update": "20250515", "category": "malicious", "result": "malicious.high.ml.score"}, "CMC": {"method": "blacklist", "engine_name": "CMC", "engine_version": "2.4.2022.1", "engine_update": "20250608", "category": "undetected", "result": null}, "Sophos": {"method": "blacklist", "engine_name": "Sophos", "engine_version": "3.0.3.0", "engine_update": "20250607", "category": "malicious", "result": "Mal/Generic-S"}, "Ikarus": {"method": "blacklist", "engine_name": "Ikarus", "engine_version": "6.4.16.0", "engine_update": "20250607", "category": "malicious", "result": "Trojan.Win32.Tnega"}, "GData": {"method": "blacklist", "engine_name": "GData", "engine_version": "GD:27.40616AVA:64.29304", "engine_update": "20250608", "category": "malicious", "result": "Win32.Trojan.PSE.102OIFV"}, "Jiangmin": {"method": "blacklist", "engine_name": "Jiangmin", "engine_version": "16.0.100", "engine_update": "20250607", "category": "undetected", "result": null}, "Webroot": {"method": "blacklist", "engine_name": "Webroot", "engine_version": "1.9.0.8", "engine_update": "20250227", "category": "undetected", "result": null}, "Varist": {"method": "blacklist", "engine_name": "Varist", "engine_version": "6.6.1.3", "engine_update": "20250608", "category": "malicious", "result": "W32/Lazy.U.gen!Eldorado"}, "Avira": {"method": "blacklist", "engine_name": "Avira", "engine_version": "8.3.3.20", "engine_update": "20250608", "category": "malicious", "result": "HEUR/AGEN.1369661"}, "Antiy-AVL": {"method": "blacklist", "engine_name": "Antiy-AVL", "engine_version": "3.0", "engine_update": "20250608", "category": "malicious", "result": "Trojan[Dropper]/Win32.Dapato"}, "Kingsoft": {"method": "blacklist", "engine_name": "Kingsoft", "engine_version": "None", "engine_update": "20250607", "category": "undetected", "result": null}, "Gridinsoft": {"method": "blacklist", "engine_name": "Gridinsoft", "engine_version": "1.0.217.174", "engine_update": "20250608", "category": "malicious", "result": "Trojan.Win32.Agent.sa"}, "Xcitium": {"method": "blacklist", "engine_name": "Xcitium", "engine_version": "37789", "engine_update": "20250607", "category": "undetected", "result": null}, "Arcabit": {"method": "blacklist", "engine_name": "Arcabit", "engine_version": "2022.0.0.18", "engine_update": "20250608", "category": "malicious", "result": "Trojan.FakeAlert.2"}, "ViRobot": {"method": "blacklist", "engine_name": "ViRobot", "engine_version": "2014.3.20.0", "engine_update": "20250607", "category": "undetected", "result": null}, "ZoneAlarm": {"method": "blacklist", "engine_name": "ZoneAlarm", "engine_version": "6.17-105077671", "engine_update": "20250607", "category": "undetected", "result": null}, "Microsoft": {"method": "blacklist", "engine_name": "Microsoft", "engine_version": "1.1.25040.1", "engine_update": "20250608", "category": "malicious", "result": "TrojanDropper:Win32/Dapato!pz"}, "Google": {"method": "blacklist", "engine_name": "Google", "engine_version": "1749355236", "engine_update": "20250608", "category": "malicious", "result": "Detected"}, "AhnLab-V3": {"method": "blacklist", "engine_name": "AhnLab-V3", "engine_version": "3.27.2.10550", "engine_update": "20250608", "category": "malicious", "result": "Trojan/Win.Generic.R497632"}, "Acronis": {"method": "blacklist", "engine_name": "Acronis", "engine_version": "1.2.0.121", "engine_update": "20240328", "category": "undetected", "result": null}, "VBA32": {"method": "blacklist", "engine_name": "VBA32", "engine_version": "5.3.2", "engine_update": "20250606", "category": "malicious", "result": "BScope.Trojan.Nitol"}, "TACHYON": {"method": "blacklist", "engine_name": "TACHYON", "engine_version": "2025-06-08.01", "engine_update": "20250608", "category": "undetected", "result": null}, "Cylance": {"method": "blacklist", "engine_name": "Cylance", "engine_version": "3.0.0.0", "engine_update": "20250529", "category": "malicious", "result": "Unsafe"}, "Panda": {"method": "blacklist", "engine_name": "Panda", "engine_version": "4.6.4.2", "engine_update": "20250607", "category": "malicious", "result": "Trj/Genetic.gen"}, "TrendMicro-HouseCall": {"method": "blacklist", "engine_name": "TrendMicro-HouseCall", "engine_version": "24.550.0.1002", "engine_update": "20250608", "category": "malicious", "result": "Trojan.Win32.VSX.PE04C9Z"}, "Rising": {"method": "blacklist", "engine_name": "Rising", "engine_version": "25.0.0.28", "engine_update": "20250608", "category": "malicious", "result": "Backdoor.DcRat!8.129D9 (TFE:1:BNER4NzZWDL)"}, "Yandex": {"method": "blacklist", "engine_name": "Yandex", "engine_version": "5.5.2.24", "engine_update": "20250608", "category": "undetected", "result": null}, "TrellixENS": {"method": "blacklist", "engine_name": "TrellixENS", "engine_version": "6.0.6.653", "engine_update": "20250607", "category": "malicious", "result": "GenericRXTU-AS!EACEDAA9EA56"}, "huorong": {"method": "blacklist", "engine_name": "huorong", "engine_version": "738c40e:738c40e:fa52f7a:fa52f7a", "engine_update": "20250607", "category": "malicious", "result": "TrojanDropper/Agent.tu"}, "MaxSecure": {"method": "blacklist", "engine_name": "MaxSecure", "engine_version": "1.0.0.1", "engine_update": "20250606", "category": "malicious", "result": "Trojan.Malware.300983.susgen"}, "Fortinet": {"method": "blacklist", "engine_name": "Fortinet", "engine_version": "7.0.30.0", "engine_update": "20250608", "category": "malicious", "result": "W32/Tiny.NFR!tr"}, "Zoner": {"method": "blacklist", "engine_name": "Zoner", "engine_version": "2.2.2.0", "engine_update": "20250608", "category": "undetected", "result": null}, "DeepInstinct": {"method": "blacklist", "engine_name": "DeepInstinct", "engine_version": "5.0.0.8", "engine_update": "20250607", "category": "malicious", "result": "MALICIOUS"}, "alibabacloud": {"method": "blacklist", "engine_name": "alibabacloud", "engine_version": "2.2.0", "engine_update": "20250321", "category": "malicious", "result": "Trojan[dropper]:Win/Agent.SRP"}, "Trustlook": {"method": "blacklist", "engine_name": "Trustlook", "engine_version": "1.0", "engine_update": "20250608", "category": "type-unsupported", "result": null}, "SymantecMobileInsight": {"method": "blacklist", "engine_name": "SymantecMobileInsight", "engine_version": "2.0", "engine_update": "20250124", "category": "type-unsupported", "result": null}, "BitDefenderFalx": {"method": "blacklist", "engine_name": "BitDefenderFalx", "engine_version": "2.0.936", "engine_update": "20250416", "category": "type-unsupported", "result": null}, "Avast-Mobile": {"method": "blacklist", "engine_name": "Avast-Mobile", "engine_version": "250607-00", "engine_update": "20250607", "category": "type-unsupported", "result": null}}, "stats": {"malicious": 53, "suspicious": 0, "undetected": 19, "harmless": 0, "timeout": 0, "confirmed-timeout": 0, "failure": 0, "type-unsupported": 4}}, "static": {"pe": {"peid_signatures": ["Tiny C Compiler v0.9.x ( exe / dll ) ASL sign "], "pe_imports": [{"dll": "msvcrt.dll", "imports": [{"address": "0x9977d0", "name": "malloc"}, {"address": "0x9977d4", "name": "memset"}, {"address": "0x9977d8", "name": "strcmp"}, {"address": "0x9977dc", "name": "strcpy"}, {"address": "0x9977e0", "name": "getenv"}, {"address": "0x9977e4", "name": "sprintf"}, {"address": "0x9977e8", "name": "fopen"}, {"address": "0x9977ec", "name": "fwrite"}, {"address": "0x9977f0", "name": "fclose"}, {"address": "0x9977f4", "name": "__argc"}, {"address": "0x9977f8", "name": "__argv"}, {"address": "0x9977fc", "name": "_environ"}, {"address": "0x997800", "name": "_XcptFilter"}, {"address": "0x997804", "name": "__set_app_type"}, {"address": "0x997808", "name": "_controlfp"}, {"address": "0x99780c", "name": "__getmainargs"}, {"address": "0x997810", "name": "exit"}]}, {"dll": "shell32.dll", "imports": [{"address": "0x997818", "name": "ShellExecuteA"}]}, {"dll": "kernel32.dll", "imports": [{"address": "0x997820", "name": "SetUnhandledExceptionFilter"}]}], "pe_exports": [], "pe_sections": [{"name": ".text", "virtual_address": "0x00001000", "virtual_size": "0x00000668", "size_of_data": "0x00000800", "entropy": 4.587339251889479}, {"name": ".rdata", "virtual_address": "0x00002000", "virtual_size": "0x00595983", "size_of_data": "0x00595a00", "entropy": 7.125390578514994}, {"name": ".bss", "virtual_address": "0x00598000", "virtual_size": "0x00000004", "size_of_data": "0x00000000", "entropy": 0.0}, {"name": ".rsrc", "virtual_address": "0x00599000", "virtual_size": "0x00010f40", "size_of_data": "0x00011000", "entropy": 1.0844016607278277}], "pe_resources": [{"name": "RT_ICON", "offset": "0x00599148", "size": "0x00010828", "filetype": "Device independent bitmap graphic, 128 x 256 x 32, image size 65536, resolution 80629 x 80629 px/m", "language": "LANG_ENGLISH", "sublanguage": "SUBLANG_ENGLISH_US"}, {"name": "RT_GROUP_ICON", "offset": "0x005a9970", "size": "0x00000014", "filetype": "data", "language": "LANG_ENGLISH", "sublanguage": "SUBLANG_ENGLISH_US"}, {"name": "RT_VERSION", "offset": "0x005a9988", "size": "0x00000314", "filetype": "data", "language": "LANG_ENGLISH", "sublanguage": "SUBLANG_ENGLISH_US"}, {"name": "RT_MANIFEST", "offset": "0x005a9ca0", "size": "0x0000029c", "filetype": "XML 1.0 document, ASCII text", "language": "LANG_ENGLISH", "sublanguage": "SUBLANG_ENGLISH_US"}], "pe_versioninfo": [{"name": "CompanyName", "value": "Brave Software, Inc."}, {"name": "FileTitle", "value": "brave_exe"}, {"name": "FileDescription", "value": "Brave Browser"}, {"name": "FileVersion", "value": "137,1,79,119"}, {"name": "LegalCopyright", "value": "\u00c2\u00a9 Copyright 2025 The Brave Authors. All rights reserved."}, {"name": "LegalTrademark", "value": ""}, {"name": "ProductName", "value": "Brave Browser"}, {"name": "ProductVersion", "value": "137,1,79,119"}, {"name": "Translation", "value": "0x0409 0x04b0"}], "pe_imphash": "a9c887a4f18a3fede2cc29ceea138ed3", "pe_timestamp": "1970-01-01T01:00:00", "signatures": []}}, "command": {}, "errors": {}}