{"id": "20250619-B6SEO2", "kind": "standard", "state": "finished", "settings": {"timeout": 120, "priority": 1, "platforms": [{"platform": "windows", "os_version": "10", "tags": [], "settings": {"browser": "", "command": [], "route": {}}}], "manual": false, "dump_memory": false, "options": {}, "enforce_timeout": true, "route": {"type": "drop", "options": {}}, "command": [], "orig_filename": false, "password": "", "browser": "", "extrpath": []}, "created_on": {"__isodt__": "2025-06-19T10:14:32.500912"}, "category": "file", "submitted": {"size": 44407, "md5": "a7c5efdc9d55d815d32c66809efb3100", "sha1": "ae7bdf621fc89f79dfd60b3a07b20adf88abc6ba", "sha256": "c26597303f1c619501a4365571209af5200a320c502294994856e325e939c106", "sha512": "aea6eb398609b1554e98ad93575efe88d7d3bb7a95d1a5c5939879e8f152eaac3391b89f8978a53b104f6ac6f40fbf23bf262c33051f5c0f0fe88c6e1f824dd8", "media_type": "application/zip", "type": "Zip archive data, at least v2.0 to extract, compression method=deflate", "filename": "Win32.Triton.zip", "category": "file"}, "score": 10, "target": {"filename": "Win32.Triton.exe", "orig_filename": "Win32.Triton", "platforms": [{"platform": "windows", "os_version": ""}], "size": 86016, "filetype": "PE32 executable (GUI) Intel 80386, for MS Windows", "media_type": "application/x-dosexec", "extrpath": ["Win32.Triton.exe"], "password": "", "machine_tags": [], "container": false, "sha512": "c8566ffcbc6d32a727048505c89ff1cbc9c4a085d52ee9fece7242b5dde21fbfd68d57b75e0b0669f078a6ab0497e3499f4bad8037969f6cd3ceec2eb4d543b6", "sha256": "70efbd074326e7bbd4e851ded5c362fe5fe06282ed4bbb4b9f761f1b12ee32f7", "sha1": "aafa932eda97859e2b72772a3a8581760e860a46", "md5": "1904cad4927541e47d453becbd934bf0"}, "errors": {}, "tasks": [{"id": "20250619-B6SEO2_1", "platform": "windows", "os_version": "10", "state": "reported", "score": 7, "started_on": {"__isodt__": "2025-06-19T10:14:35.346105"}, "stopped_on": {"__isodt__": "2025-06-19T10:16:54.520466"}}], "families": [], "tags": [], "ttps": [{"id": "T1082", "name": "System Information Discovery", "tactics": ["Discovery"], "reference": "https://attack.mitre.org/techniques/T1082", "subtechniques": []}, {"id": "T1012", "name": "Query Registry", "tactics": ["Discovery"], "reference": "https://attack.mitre.org/techniques/T1012", "subtechniques": []}, {"id": "T1497.001", "name": "System Checks", "tactics": ["Defense Evasion", "Discovery"], "reference": "https://attack.mitre.org/techniques/T1497/001", "subtechniques": []}]}