{"analysis_id": "20250619-B6SEO2", "score": 10, "signatures": [{"name": "virustotal", "short_description": "Virustotal sources report this target as malicious", "description": "47 Virustotal antivirus engines detect this target as malicious", "ttps": [], "tags": [], "family": "", "iocs": {"truncated": false, "count": 47, "iocs": [{"truncated": false, "ioc": {"antivirus": "ClamAV"}}, {"truncated": false, "ioc": {"antivirus": "CrowdStrike"}}, {"truncated": false, "ioc": {"antivirus": "McAfeeD"}}, {"truncated": false, "ioc": {"antivirus": "Antiy-AVL"}}, {"truncated": false, "ioc": {"antivirus": "CTX"}}, {"truncated": false, "ioc": {"antivirus": "NANO-Antivirus"}}, {"truncated": false, "ioc": {"antivirus": "Jiangmin"}}, {"truncated": false, "ioc": {"antivirus": "DeepInstinct"}}, {"truncated": false, "ioc": {"antivirus": "Google"}}, {"truncated": false, "ioc": {"antivirus": "K7AntiVirus"}}, {"truncated": false, "ioc": {"antivirus": "huorong"}}, {"truncated": false, "ioc": {"antivirus": "Gridinsoft"}}, {"truncated": false, "ioc": {"antivirus": "Sangfor"}}, {"truncated": false, "ioc": {"antivirus": "ESET-NOD32"}}, {"truncated": false, "ioc": {"antivirus": "Alibaba"}}, {"truncated": false, "ioc": {"antivirus": "MicroWorld-eScan"}}, {"truncated": false, "ioc": {"antivirus": "VIPRE"}}, {"truncated": false, "ioc": {"antivirus": "ZoneAlarm"}}, {"truncated": false, "ioc": {"antivirus": "Ikarus"}}, {"truncated": false, "ioc": {"antivirus": "APEX"}}, {"truncated": false, "ioc": {"antivirus": "Microsoft"}}, {"truncated": false, "ioc": {"antivirus": "Tencent"}}, {"truncated": false, "ioc": {"antivirus": "alibabacloud"}}, {"truncated": false, "ioc": {"antivirus": "Panda"}}, {"truncated": false, "ioc": {"antivirus": "Rising"}}, {"truncated": false, "ioc": {"antivirus": "Lionic"}}, {"truncated": false, "ioc": {"antivirus": "K7GW"}}, {"truncated": false, "ioc": {"antivirus": "GData"}}, {"truncated": false, "ioc": {"antivirus": "Paloalto"}}, {"truncated": false, "ioc": {"antivirus": "TrendMicro-HouseCall"}}, {"truncated": false, "ioc": {"antivirus": "Xcitium"}}, {"truncated": false, "ioc": {"antivirus": "Kingsoft"}}, {"truncated": false, "ioc": {"antivirus": "CAT-QuickHeal"}}, {"truncated": false, "ioc": {"antivirus": "SUPERAntiSpyware"}}, {"truncated": false, "ioc": {"antivirus": "ALYac"}}, {"truncated": false, "ioc": {"antivirus": "Varist"}}, {"truncated": false, "ioc": {"antivirus": "Malwarebytes"}}, {"truncated": false, "ioc": {"antivirus": "TrendMicro"}}, {"truncated": false, "ioc": {"antivirus": "Arcabit"}}, {"truncated": false, "ioc": {"antivirus": "Zillya"}}, {"truncated": false, "ioc": {"antivirus": "ViRobot"}}, {"truncated": false, "ioc": {"antivirus": "Fortinet"}}, {"truncated": false, "ioc": {"antivirus": "DrWeb"}}, {"truncated": false, "ioc": {"antivirus": "Sophos"}}, {"truncated": false, "ioc": {"antivirus": "Emsisoft"}}, {"truncated": false, "ioc": {"antivirus": "Avira"}}, {"truncated": false, "ioc": {"antivirus": "BitDefender"}}]}, "score": 10}], "target": {"filename": "Win32.Triton.exe", "orig_filename": "Win32.Triton", "platforms": [{"platform": "windows", "os_version": ""}], "size": 86016, "filetype": "PE32 executable (GUI) Intel 80386, for MS Windows", "media_type": "application/x-dosexec", "extrpath": ["Win32.Triton.exe"], "password": "", "machine_tags": [], "container": false, "sha512": "c8566ffcbc6d32a727048505c89ff1cbc9c4a085d52ee9fece7242b5dde21fbfd68d57b75e0b0669f078a6ab0497e3499f4bad8037969f6cd3ceec2eb4d543b6", "sha256": "70efbd074326e7bbd4e851ded5c362fe5fe06282ed4bbb4b9f761f1b12ee32f7", "sha1": "aafa932eda97859e2b72772a3a8581760e860a46", "md5": "1904cad4927541e47d453becbd934bf0"}, "category": "file", "ttps": [], "tags": [], "families": [], "platforms": [], "virustotal": {"avs": {"Bkav": {"method": "blacklist", "engine_name": "Bkav", "engine_version": "2.0.0.1", "engine_update": "20250614", "category": "undetected", "result": null}, "Lionic": {"method": "blacklist", "engine_name": "Lionic", "engine_version": "8.16", "engine_update": "20250613", "category": "malicious", "result": "Trojan.Win32.Agent.try4"}, "tehtris": {"method": "blacklist", "engine_name": "tehtris", "engine_version": "v0.1.4", "engine_update": "20250614", "category": "undetected", "result": null}, "MicroWorld-eScan": {"method": "blacklist", "engine_name": "MicroWorld-eScan", "engine_version": "14.0.409.0", "engine_update": "20250614", "category": "malicious", "result": "Gen:Variant.Zusy.358310"}, "CTX": {"method": "blacklist", "engine_name": "CTX", "engine_version": "2024.8.29.1", "engine_update": "20250614", "category": "malicious", "result": "exe.trojan.generic"}, "CAT-QuickHeal": {"method": "blacklist", "engine_name": "CAT-QuickHeal", "engine_version": "22.00", "engine_update": "20250613", "category": "malicious", "result": "Trojan.Ghanarava.1732770471934bf0"}, "ALYac": {"method": "blacklist", "engine_name": "ALYac", "engine_version": "2.0.0.10", "engine_update": "20250613", "category": "malicious", "result": "Trojan.Agent.86528C"}, "Malwarebytes": {"method": "blacklist", "engine_name": "Malwarebytes", "engine_version": "4.5.5.54", "engine_update": "20250614", "category": "malicious", "result": "Malware.AI.4055527132"}, "Zillya": {"method": "blacklist", "engine_name": "Zillya", "engine_version": "2.0.0.5379", "engine_update": "20250613", "category": "malicious", "result": "Trojan.GenericKD.Win32.236361"}, "Sangfor": {"method": "blacklist", "engine_name": "Sangfor", "engine_version": "2.22.3.0", "engine_update": "20250613", "category": "malicious", "result": "Trojan.Win32.Zusy.Vcds"}, "CrowdStrike": {"method": "blacklist", "engine_name": "CrowdStrike", "engine_version": "1.0", "engine_update": "20231026", "category": "malicious", "result": "win/malicious_confidence_100% (W)"}, "Alibaba": {"method": "blacklist", "engine_name": "Alibaba", "engine_version": "0.3.0.5", "engine_update": "20190527", "category": "malicious", "result": "Trojan:Win32/Generic.adfa4cda"}, "K7GW": {"method": "blacklist", "engine_name": "K7GW", "engine_version": "12.242.56060", "engine_update": "20250614", "category": "malicious", "result": "Riskware ( 0040eff71 )"}, "K7AntiVirus": {"method": "blacklist", "engine_name": "K7AntiVirus", "engine_version": "12.242.56058", "engine_update": "20250613", "category": "malicious", "result": "Riskware ( 0040eff71 )"}, "Baidu": {"method": "blacklist", "engine_name": "Baidu", "engine_version": "1.0.0.2", "engine_update": "20190318", "category": "undetected", "result": null}, "ESET-NOD32": {"method": "blacklist", "engine_name": "ESET-NOD32", "engine_version": "31362", "engine_update": "20250614", "category": "malicious", "result": "a variant of Generik.DVBTFPB"}, "Zoner": {"method": "blacklist", "engine_name": "Zoner", "engine_version": "2.2.2.0", "engine_update": "20250614", "category": "undetected", "result": null}, "APEX": {"method": "blacklist", "engine_name": "APEX", "engine_version": "6.665", "engine_update": "20250613", "category": "malicious", "result": "Malicious"}, "Paloalto": {"method": "blacklist", "engine_name": "Paloalto", "engine_version": "0.9.0.1003", "engine_update": "20250614", "category": "malicious", "result": "generic.ml"}, "ClamAV": {"method": "blacklist", "engine_name": "ClamAV", "engine_version": "1.4.2.0", "engine_update": "20250613", "category": "malicious", "result": "Win.Trojan.TRITON-6991055-0"}, "BitDefender": {"method": "blacklist", "engine_name": "BitDefender", "engine_version": "7.2", "engine_update": "20250614", "category": "malicious", "result": "Gen:Variant.Zusy.358310"}, "NANO-Antivirus": {"method": "blacklist", "engine_name": "NANO-Antivirus", "engine_version": "1.0.170.26710", "engine_update": "20250613", "category": "malicious", "result": "Trojan.Win32.TrjGen.fpgdsk"}, "ViRobot": {"method": "blacklist", "engine_name": "ViRobot", "engine_version": "2014.3.20.0", "engine_update": "20250613", "category": "malicious", "result": "Trojan.Win32.S.Agent.86016.DZR"}, "Tencent": {"method": "blacklist", "engine_name": "Tencent", "engine_version": "1.0.0.1", "engine_update": "20250614", "category": "malicious", "result": "Malware.Win32.Gencirc.10c09747"}, "Emsisoft": {"method": "blacklist", "engine_name": "Emsisoft", "engine_version": "2024.8.0.61147", "engine_update": "20250614", "category": "malicious", "result": "Gen:Variant.Zusy.358310 (B)"}, "DrWeb": {"method": "blacklist", "engine_name": "DrWeb", "engine_version": "7.0.67.2170", "engine_update": "20250614", "category": "malicious", "result": "Trojan.Siggen8.24608"}, "VIPRE": {"method": "blacklist", "engine_name": "VIPRE", "engine_version": "6.0.0.35", "engine_update": "20250613", "category": "malicious", "result": "Gen:Variant.Zusy.358310"}, "TrendMicro": {"method": "blacklist", "engine_name": "TrendMicro", "engine_version": "24.550.0.1002", "engine_update": "20250614", "category": "malicious", "result": "HackTool.Win32.NETCAT.YRT"}, "McAfeeD": {"method": "blacklist", "engine_name": "McAfeeD", "engine_version": "1.2.0.10275", "engine_update": "20250614", "category": "malicious", "result": "ti!70EFBD074326"}, "Trapmine": {"method": "blacklist", "engine_name": "Trapmine", "engine_version": "4.0.4.0", "engine_update": "20250515", "category": "undetected", "result": null}, "CMC": {"method": "blacklist", "engine_name": "CMC", "engine_version": "2.4.2022.1", "engine_update": "20250614", "category": "undetected", "result": null}, "Sophos": {"method": "blacklist", "engine_name": "Sophos", "engine_version": "3.0.3.0", "engine_update": "20250613", "category": "malicious", "result": "Mal/Generic-S"}, "Ikarus": {"method": "blacklist", "engine_name": "Ikarus", "engine_version": "6.4.16.0", "engine_update": "20250613", "category": "malicious", "result": "Trojan.Agent"}, "GData": {"method": "blacklist", "engine_name": "GData", "engine_version": "GD:27.40687AVA:64.29330", "engine_update": "20250614", "category": "malicious", "result": "Gen:Variant.Zusy.358310"}, "Jiangmin": {"method": "blacklist", "engine_name": "Jiangmin", "engine_version": "16.0.100", "engine_update": "20250613", "category": "malicious", "result": "Trojan.Agent.bswz"}, "Webroot": {"method": "blacklist", "engine_name": "Webroot", "engine_version": "1.9.0.8", "engine_update": "20250227", "category": "undetected", "result": null}, "Varist": {"method": "blacklist", "engine_name": "Varist", "engine_version": "6.6.1.3", "engine_update": "20250614", "category": "malicious", "result": "W32/ABTrojan.YJSY-1729"}, "Avira": {"method": "blacklist", "engine_name": "Avira", "engine_version": "8.3.3.20", "engine_update": "20250614", "category": "malicious", "result": "TR/Redcap.pnatp"}, "Antiy-AVL": {"method": "blacklist", "engine_name": "Antiy-AVL", "engine_version": "3.0", "engine_update": "20250614", "category": "malicious", "result": "Trojan[APT]/Win32.trisis"}, "Kingsoft": {"method": "blacklist", "engine_name": "Kingsoft", "engine_version": "None", "engine_update": "20250613", "category": "malicious", "result": "malware.kb.a.804"}, "Gridinsoft": {"method": "blacklist", "engine_name": "Gridinsoft", "engine_version": "1.0.218.174", "engine_update": "20250614", "category": "malicious", "result": "Ransom.Win32.Occamy.oa!s1"}, "Xcitium": {"method": "blacklist", "engine_name": "Xcitium", "engine_version": "37806", "engine_update": "20250613", "category": "malicious", "result": "Malware@#1fvt8e8qtdtk7"}, "Arcabit": {"method": "blacklist", "engine_name": "Arcabit", "engine_version": "2022.0.0.18", "engine_update": "20250614", "category": "malicious", "result": "Trojan.Zusy.D577A6"}, "SUPERAntiSpyware": {"method": "blacklist", "engine_name": "SUPERAntiSpyware", "engine_version": "5.6.0.1032", "engine_update": "20250613", "category": "malicious", "result": "Trojan.Agent/Gen-Dropper"}, "ZoneAlarm": {"method": "blacklist", "engine_name": "ZoneAlarm", "engine_version": "6.17-105077866", "engine_update": "20250613", "category": "malicious", "result": "Troj/Agent-BAJU"}, "Microsoft": {"method": "blacklist", "engine_name": "Microsoft", "engine_version": "1.1.25050.6", "engine_update": "20250613", "category": "malicious", "result": "Trojan:Win32/Znyonm"}, "Google": {"method": "blacklist", "engine_name": "Google", "engine_version": "1749873632", "engine_update": "20250614", "category": "malicious", "result": "Detected"}, "AhnLab-V3": {"method": "blacklist", "engine_name": "AhnLab-V3", "engine_version": "3.27.2.10550", "engine_update": "20250614", "category": "undetected", "result": null}, "Acronis": {"method": "blacklist", "engine_name": "Acronis", "engine_version": "1.2.0.121", "engine_update": "20240328", "category": "undetected", "result": null}, "TACHYON": {"method": "blacklist", "engine_name": "TACHYON", "engine_version": "2025-06-14.01", "engine_update": "20250614", "category": "undetected", "result": null}, "DeepInstinct": {"method": "blacklist", "engine_name": "DeepInstinct", "engine_version": "5.0.0.8", "engine_update": "20250613", "category": "malicious", "result": "MALICIOUS"}, "TrendMicro-HouseCall": {"method": "blacklist", "engine_name": "TrendMicro-HouseCall", "engine_version": "24.550.0.1002", "engine_update": "20250614", "category": "malicious", "result": "HackTool.Win32.NETCAT.YRT"}, "Rising": {"method": "blacklist", "engine_name": "Rising", "engine_version": "25.0.0.28", "engine_update": "20250614", "category": "malicious", "result": "Trojan.Triton!8.F181 (TFE:5:qOH0maI68CQ)"}, "Yandex": {"method": "blacklist", "engine_name": "Yandex", "engine_version": "5.5.2.24", "engine_update": "20250612", "category": "undetected", "result": null}, "huorong": {"method": "blacklist", "engine_name": "huorong", "engine_version": "a0e0ef5:a0e0ef5:049175e:049175e", "engine_update": "20250613", "category": "malicious", "result": "Trojan/Generic!FBB18B4D2E84990F"}, "MaxSecure": {"method": "blacklist", "engine_name": "MaxSecure", "engine_version": "1.0.0.1", "engine_update": "20250613", "category": "undetected", "result": null}, "Fortinet": {"method": "blacklist", "engine_name": "Fortinet", "engine_version": "7.0.30.0", "engine_update": "20250614", "category": "malicious", "result": "W32/GenericKDZ.1092!tr"}, "Panda": {"method": "blacklist", "engine_name": "Panda", "engine_version": "4.6.4.2", "engine_update": "20250613", "category": "malicious", "result": "Trj/CI.A"}, "alibabacloud": {"method": "blacklist", "engine_name": "alibabacloud", "engine_version": "2.2.0", "engine_update": "20250321", "category": "malicious", "result": "Trojan:Win/Zusy.Gen"}, "Skyhigh": {"method": "blacklist", "engine_name": "Skyhigh", "engine_version": null, "engine_update": "20250613", "category": "timeout", "result": null}, "Symantec": {"method": "blacklist", "engine_name": "Symantec", "engine_version": "1.22.0.0", "engine_update": "20250613", "category": "timeout", "result": null}, "TrellixENS": {"method": "blacklist", "engine_name": "TrellixENS", "engine_version": "6.0.6.653", "engine_update": "20250613", "category": "timeout", "result": null}, "VBA32": {"method": "blacklist", "engine_name": "VBA32", "engine_version": null, "engine_update": "20250613", "category": "timeout", "result": null}, "F-Secure": {"method": "blacklist", "engine_name": "F-Secure", "engine_version": "18.10.1547.307", "engine_update": "20250614", "category": "failure", "result": null}, "VirIT": {"method": "blacklist", "engine_name": "VirIT", "engine_version": null, "engine_update": "20250613", "category": "failure", "result": null}, "SymantecMobileInsight": {"method": "blacklist", "engine_name": "SymantecMobileInsight", "engine_version": "2.0", "engine_update": "20250124", "category": "failure", "result": null}, "Elastic": {"method": "blacklist", "engine_name": "Elastic", "engine_version": null, "engine_update": "20250528", "category": "failure", "result": null}, "Avast": {"method": "blacklist", "engine_name": "Avast", "engine_version": "23.9.8494.0", "engine_update": "20250613", "category": "failure", "result": null}, "Kaspersky": {"method": "blacklist", "engine_name": "Kaspersky", "engine_version": "22.0.1.28", "engine_update": "20250614", "category": "failure", "result": null}, "Cylance": {"method": "blacklist", "engine_name": "Cylance", "engine_version": "3.0.0.0", "engine_update": "20250612", "category": "failure", "result": null}, "SentinelOne": {"method": "blacklist", "engine_name": "SentinelOne", "engine_version": "25.1.1.1", "engine_update": "20250114", "category": "failure", "result": null}, "AVG": {"method": "blacklist", "engine_name": "AVG", "engine_version": "23.9.8494.0", "engine_update": "20250613", "category": "failure", "result": null}, "BitDefenderFalx": {"method": "blacklist", "engine_name": "BitDefenderFalx", "engine_version": "2.0.936", "engine_update": "20250416", "category": "type-unsupported", "result": null}, "Trustlook": {"method": "blacklist", "engine_name": "Trustlook", "engine_version": "1.0", "engine_update": "20250614", "category": "type-unsupported", "result": null}, "Cynet": {"method": "blacklist", "engine_name": "Cynet", "engine_version": "4.0.3.4", "engine_update": "20250614", "category": "type-unsupported", "result": null}, "Avast-Mobile": {"method": "blacklist", "engine_name": "Avast-Mobile", "engine_version": "250613-02", "engine_update": "20250613", "category": "type-unsupported", "result": null}}, "stats": {"malicious": 47, "suspicious": 0, "undetected": 12, "harmless": 0, "timeout": 4, "confirmed-timeout": 0, "failure": 9, "type-unsupported": 4}}, "static": {"pe": {"peid_signatures": ["Microsoft Visual C++ 8"], "pe_imports": [{"dll": "SHLWAPI.dll", "imports": [{"address": "0x412188", "name": "StrStrA"}, {"address": "0x41218c", "name": "PathFindFileNameW"}]}, {"dll": "KERNEL32.dll", "imports": [{"address": "0x412000", "name": "HeapFree"}, {"address": "0x412004", "name": "FlushFileBuffers"}, {"address": "0x412008", "name": "Sleep"}, {"address": "0x41200c", "name": "GetEnvironmentVariableW"}, {"address": "0x412010", "name": "GetShortPathNameW"}, {"address": "0x412014", "name": "GetModuleFileNameW"}, {"address": "0x412018", "name": "TerminateProcess"}, {"address": "0x41201c", "name": "CloseHandle"}, {"address": "0x412020", "name": "TerminateJobObject"}, {"address": "0x412024", "name": "GetLastError"}, {"address": "0x412028", "name": "CreateProcessW"}, {"address": "0x41202c", "name": "SetHandleInformation"}, {"address": "0x412030", "name": "CreatePipe"}, {"address": "0x412034", "name": "AssignProcessToJobObject"}, {"address": "0x412038", "name": "CreateJobObjectW"}, {"address": "0x41203c", "name": "DeleteFileW"}, {"address": "0x412040", "name": "ReadProcessMemory"}, {"address": "0x412044", "name": "ReadFile"}, {"address": "0x412048", "name": "GetFileSize"}, {"address": "0x41204c", "name": "CreateFileW"}, {"address": "0x412050", "name": "GetFileAttributesW"}, {"address": "0x412054", "name": "WriteFile"}, {"address": "0x412058", "name": "WaitForSingleObject"}, {"address": "0x41205c", "name": "WideCharToMultiByte"}, {"address": "0x412060", "name": "MultiByteToWideChar"}, {"address": "0x412064", "name": "PeekNamedPipe"}, {"address": "0x412068", "name": "GetExitCodeProcess"}, {"address": "0x41206c", "name": "GetTickCount"}, {"address": "0x412070", "name": "CreateEventA"}, {"address": "0x412074", "name": "WaitForMultipleObjects"}, {"address": "0x412078", "name": "CancelIo"}, {"address": "0x41207c", "name": "GetOverlappedResult"}, {"address": "0x412080", "name": "ResetEvent"}, {"address": "0x412084", "name": "CreateNamedPipeA"}, {"address": "0x412088", "name": "GetNamedPipeInfo"}, {"address": "0x41208c", "name": "CreateFileA"}, {"address": "0x412090", "name": "DisconnectNamedPipe"}, {"address": "0x412094", "name": "ConnectNamedPipe"}, {"address": "0x412098", "name": "GetCurrentProcess"}, {"address": "0x41209c", "name": "GetProcAddress"}, {"address": "0x4120a0", "name": "GetModuleHandleA"}, {"address": "0x4120a4", "name": "WriteConsoleW"}, {"address": "0x4120a8", "name": "GetModuleHandleW"}, {"address": "0x4120ac", "name": "ExitProcess"}, {"address": "0x4120b0", "name": "UnhandledExceptionFilter"}, {"address": "0x4120b4", "name": "SetUnhandledExceptionFilter"}, {"address": "0x4120b8", "name": "IsDebuggerPresent"}, {"address": "0x4120bc", "name": "RaiseException"}, {"address": "0x4120c0", "name": "RtlUnwind"}, {"address": "0x4120c4", "name": "GetStartupInfoW"}, {"address": "0x4120c8", "name": "HeapAlloc"}, {"address": "0x4120cc", "name": "HeapReAlloc"}, {"address": "0x4120d0", "name": "TlsGetValue"}, {"address": "0x4120d4", "name": "TlsAlloc"}, {"address": "0x4120d8", "name": "TlsSetValue"}, {"address": "0x4120dc", "name": "TlsFree"}, {"address": "0x4120e0", "name": "InterlockedIncrement"}, {"address": "0x4120e4", "name": "SetLastError"}, {"address": "0x4120e8", "name": "GetCurrentThreadId"}, {"address": "0x4120ec", "name": "InterlockedDecrement"}, {"address": "0x4120f0", "name": "GetStdHandle"}, {"address": "0x4120f4", "name": "GetModuleFileNameA"}, {"address": "0x4120f8", "name": "DeleteCriticalSection"}, {"address": "0x4120fc", "name": "LeaveCriticalSection"}, {"address": "0x412100", "name": "EnterCriticalSection"}, {"address": "0x412104", "name": "LoadLibraryA"}, {"address": "0x412108", "name": "InitializeCriticalSectionAndSpinCount"}, {"address": "0x41210c", "name": "FreeEnvironmentStringsW"}, {"address": "0x412110", "name": "GetEnvironmentStringsW"}, {"address": "0x412114", "name": "GetCommandLineW"}, {"address": "0x412118", "name": "SetHandleCount"}, {"address": "0x41211c", "name": "GetFileType"}, {"address": "0x412120", "name": "GetStartupInfoA"}, {"address": "0x412124", "name": "HeapCreate"}, {"address": "0x412128", "name": "VirtualFree"}, {"address": "0x41212c", "name": "QueryPerformanceCounter"}, {"address": "0x412130", "name": "GetCurrentProcessId"}, {"address": "0x412134", "name": "GetSystemTimeAsFileTime"}, {"address": "0x412138", "name": "VirtualAlloc"}, {"address": "0x41213c", "name": "GetCPInfo"}, {"address": "0x412140", "name": "GetACP"}, {"address": "0x412144", "name": "GetOEMCP"}, {"address": "0x412148", "name": "IsValidCodePage"}, {"address": "0x41214c", "name": "HeapSize"}, {"address": "0x412150", "name": "GetLocaleInfoA"}, {"address": "0x412154", "name": "SetFilePointer"}, {"address": "0x412158", "name": "GetConsoleCP"}, {"address": "0x41215c", "name": "GetConsoleMode"}, {"address": "0x412160", "name": "LCMapStringA"}, {"address": "0x412164", "name": "LCMapStringW"}, {"address": "0x412168", "name": "GetStringTypeA"}, {"address": "0x41216c", "name": "GetStringTypeW"}, {"address": "0x412170", "name": "SetStdHandle"}, {"address": "0x412174", "name": "WriteConsoleA"}, {"address": "0x412178", "name": "GetConsoleOutputCP"}]}, {"dll": "SHELL32.dll", "imports": [{"address": "0x412180", "name": "ShellExecuteW"}]}], "pe_exports": [], "pe_sections": [{"name": ".text", "virtual_address": "0x00001000", "virtual_size": "0x0001043e", "size_of_data": "0x00010600", "entropy": 6.555029304559473}, {"name": ".rdata", "virtual_address": "0x00012000", "virtual_size": "0x000034de", "size_of_data": "0x00003600", "entropy": 5.191824009561747}, {"name": ".data", "virtual_address": "0x00016000", "virtual_size": "0x00002d44", "size_of_data": "0x00001000", "entropy": 2.5069605494860334}], "pe_resources": [], "pe_versioninfo": [], "pe_imphash": "31962d1d3840fce82041426cd85537d3", "pe_timestamp": "2015-09-01T09:36:59", "signatures": []}}, "command": {}, "errors": {}}