{"id": "20250608-1KTS7K", "kind": "standard", "state": "finished", "settings": {"timeout": 120, "priority": 1, "platforms": [{"platform": "windows", "os_version": "10", "tags": [], "settings": {"browser": "", "command": [], "route": {}}}], "manual": true, "dump_memory": false, "options": {}, "enforce_timeout": true, "route": {"type": "internet", "options": {}}, "command": [], "orig_filename": false, "password": "", "browser": "", "extrpath": []}, "created_on": {"__isodt__": "2025-06-08T09:39:18.883880"}, "category": "file", "submitted": {"size": 1803264, "md5": "70199c1a21a8fc987e511eae737db4fd", "sha1": "646c4a1f013f96f1aa4c67a38c1d12cd2a6c83ff", "sha256": "c2037759fbf6ba3c65f8ebcdd6ca1872551f70258623d990992f212d37ddf6f7", "sha512": "4341dab13dc16479a975aecd91f892a2936b3a551c74fb90454b012276818de3125368000d312ee1012946249d9053c74ff19c7ad9179c8a02159a4d72899855", "media_type": "application/x-dosexec", "type": "PE32 executable (GUI) Intel 80386 Mono/.Net assembly, for MS Windows", "filename": "services.exe", "category": "file"}, "score": 10, "target": {"filename": "services.exe", "orig_filename": "services.exe", "platforms": [{"platform": "windows", "os_version": ""}], "size": 1803264, "filetype": "PE32 executable (GUI) Intel 80386 Mono/.Net assembly, for MS Windows", "media_type": "application/x-dosexec", "extrpath": [], "password": "", "machine_tags": ["dotnet"], "container": false, "sha512": "4341dab13dc16479a975aecd91f892a2936b3a551c74fb90454b012276818de3125368000d312ee1012946249d9053c74ff19c7ad9179c8a02159a4d72899855", "sha256": "c2037759fbf6ba3c65f8ebcdd6ca1872551f70258623d990992f212d37ddf6f7", "sha1": "646c4a1f013f96f1aa4c67a38c1d12cd2a6c83ff", "md5": "70199c1a21a8fc987e511eae737db4fd"}, "errors": {}, "tasks": [{"id": "20250608-1KTS7K_1", "platform": "windows", "os_version": "10", "state": "reported", "score": 7, "started_on": {"__isodt__": "2025-06-08T09:39:25.393495"}, "stopped_on": {"__isodt__": "2025-06-08T09:41:42.624860"}}], "families": [], "tags": [], "ttps": [{"id": "T1012", "name": "Query Registry", "tactics": ["Discovery"], "reference": "https://attack.mitre.org/techniques/T1012", "subtechniques": []}, {"id": "T1497.001", "name": "System Checks", "tactics": ["Defense Evasion", "Discovery"], "reference": "https://attack.mitre.org/techniques/T1497/001", "subtechniques": []}, {"id": "T1082", "name": "System Information Discovery", "tactics": ["Discovery"], "reference": "https://attack.mitre.org/techniques/T1082", "subtechniques": []}]}