{"analysis_id": "20250608-1KTS7K", "score": 10, "signatures": [{"name": "virustotal", "short_description": "Virustotal sources report this target as malicious", "description": "39 Virustotal antivirus engines detect this target as malicious", "ttps": [], "tags": [], "family": "", "iocs": {"truncated": false, "count": 39, "iocs": [{"truncated": false, "ioc": {"antivirus": "Kaspersky"}}, {"truncated": false, "ioc": {"antivirus": "Lionic"}}, {"truncated": false, "ioc": {"antivirus": "TrendMicro-HouseCall"}}, {"truncated": false, "ioc": {"antivirus": "Antiy-AVL"}}, {"truncated": false, "ioc": {"antivirus": "MicroWorld-eScan"}}, {"truncated": false, "ioc": {"antivirus": "CAT-QuickHeal"}}, {"truncated": false, "ioc": {"antivirus": "Emsisoft"}}, {"truncated": false, "ioc": {"antivirus": "Gridinsoft"}}, {"truncated": false, "ioc": {"antivirus": "alibabacloud"}}, {"truncated": false, "ioc": {"antivirus": "Fortinet"}}, {"truncated": false, "ioc": {"antivirus": "ALYac"}}, {"truncated": false, "ioc": {"antivirus": "Cylance"}}, {"truncated": false, "ioc": {"antivirus": "Varist"}}, {"truncated": false, "ioc": {"antivirus": "Avast"}}, {"truncated": false, "ioc": {"antivirus": "Bkav"}}, {"truncated": false, "ioc": {"antivirus": "Microsoft"}}, {"truncated": false, "ioc": {"antivirus": "Symantec"}}, {"truncated": false, "ioc": {"antivirus": "BitDefender"}}, {"truncated": false, "ioc": {"antivirus": "AVG"}}, {"truncated": false, "ioc": {"antivirus": "CTX"}}, {"truncated": false, "ioc": {"antivirus": "TrellixENS"}}, {"truncated": false, "ioc": {"antivirus": "Paloalto"}}, {"truncated": false, "ioc": {"antivirus": "Trapmine"}}, {"truncated": false, "ioc": {"antivirus": "GData"}}, {"truncated": false, "ioc": {"antivirus": "VIPRE"}}, {"truncated": false, "ioc": {"antivirus": "Ikarus"}}, {"truncated": false, "ioc": {"antivirus": "CrowdStrike"}}, {"truncated": false, "ioc": {"antivirus": "McAfeeD"}}, {"truncated": false, "ioc": {"antivirus": "SentinelOne"}}, {"truncated": false, "ioc": {"antivirus": "Arcabit"}}, {"truncated": false, "ioc": {"antivirus": "DeepInstinct"}}, {"truncated": false, "ioc": {"antivirus": "Zoner"}}, {"truncated": false, "ioc": {"antivirus": "Kingsoft"}}, {"truncated": false, "ioc": {"antivirus": "Google"}}, {"truncated": false, "ioc": {"antivirus": "Malwarebytes"}}, {"truncated": false, "ioc": {"antivirus": "Sophos"}}, {"truncated": false, "ioc": {"antivirus": "Skyhigh"}}, {"truncated": false, "ioc": {"antivirus": "TrendMicro"}}, {"truncated": false, "ioc": {"antivirus": "Elastic"}}]}, "score": 10}], "target": {"filename": "services.exe", "orig_filename": "services.exe", "platforms": [{"platform": "windows", "os_version": ""}], "size": 1803264, "filetype": "PE32 executable (GUI) Intel 80386 Mono/.Net assembly, for MS Windows", "media_type": "application/x-dosexec", "extrpath": [], "password": "", "machine_tags": ["dotnet"], "container": false, "sha512": "4341dab13dc16479a975aecd91f892a2936b3a551c74fb90454b012276818de3125368000d312ee1012946249d9053c74ff19c7ad9179c8a02159a4d72899855", "sha256": "c2037759fbf6ba3c65f8ebcdd6ca1872551f70258623d990992f212d37ddf6f7", "sha1": "646c4a1f013f96f1aa4c67a38c1d12cd2a6c83ff", "md5": "70199c1a21a8fc987e511eae737db4fd"}, "category": "file", "ttps": [], "tags": [], "families": [], "platforms": [], "virustotal": {"avs": {"Bkav": {"method": "blacklist", "engine_name": "Bkav", "engine_version": "2.0.0.1", "engine_update": "20250608", "category": "malicious", "result": "W32.AIDetectMalware.CS"}, "Lionic": {"method": "blacklist", "engine_name": "Lionic", "engine_version": "8.16", "engine_update": "20250607", "category": "malicious", "result": "Trojan.Win32.Agent.Y!c"}, "Elastic": {"method": "blacklist", "engine_name": "Elastic", "engine_version": "4.0.208", "engine_update": "20250528", "category": "malicious", "result": "malicious (high confidence)"}, "Cynet": {"method": "blacklist", "engine_name": "Cynet", "engine_version": "4.0.3.4", "engine_update": "20250608", "category": "undetected", "result": null}, "CTX": {"method": "blacklist", "engine_name": "CTX", "engine_version": "2024.8.29.1", "engine_update": "20250608", "category": "malicious", "result": "exe.trojan.msil"}, "CAT-QuickHeal": {"method": "blacklist", "engine_name": "CAT-QuickHeal", "engine_version": "22.00", "engine_update": "20250607", "category": "malicious", "result": "Trojan.MSIL"}, "Skyhigh": {"method": "blacklist", "engine_name": "Skyhigh", "engine_version": "v2021.2.0+4045", "engine_update": "20250607", "category": "malicious", "result": "BehavesLike.Win32.Generic.tc"}, "ALYac": {"method": "blacklist", "engine_name": "ALYac", "engine_version": "2.0.0.10", "engine_update": "20250607", "category": "malicious", "result": "Trojan.GenericKD.76535723"}, "Cylance": {"method": "blacklist", "engine_name": "Cylance", "engine_version": "3.0.0.0", "engine_update": "20250529", "category": "malicious", "result": "Unsafe"}, "VIPRE": {"method": "blacklist", "engine_name": "VIPRE", "engine_version": "6.0.0.35", "engine_update": "20250607", "category": "malicious", "result": "Trojan.GenericKD.76535723"}, "Sangfor": {"method": "blacklist", "engine_name": "Sangfor", "engine_version": "2.22.3.0", "engine_update": "20250606", "category": "undetected", "result": null}, "K7AntiVirus": {"method": "blacklist", "engine_name": "K7AntiVirus", "engine_version": "12.241.55995", "engine_update": "20250608", "category": "undetected", "result": null}, "Alibaba": {"method": "blacklist", "engine_name": "Alibaba", "engine_version": "0.3.0.5", "engine_update": "20190527", "category": "undetected", "result": null}, "K7GW": {"method": "blacklist", "engine_name": "K7GW", "engine_version": "12.241.55994", "engine_update": "20250608", "category": "undetected", "result": null}, "CrowdStrike": {"method": "blacklist", "engine_name": "CrowdStrike", "engine_version": "1.0", "engine_update": "20231026", "category": "malicious", "result": "win/malicious_confidence_100% (W)"}, "huorong": {"method": "blacklist", "engine_name": "huorong", "engine_version": "738c40e:738c40e:fa52f7a:fa52f7a", "engine_update": "20250607", "category": "undetected", "result": null}, "Baidu": {"method": "blacklist", "engine_name": "Baidu", "engine_version": "1.0.0.2", "engine_update": "20190318", "category": "undetected", "result": null}, "Symantec": {"method": "blacklist", "engine_name": "Symantec", "engine_version": "1.22.0.0", "engine_update": "20250607", "category": "malicious", "result": "ML.Attribute.HighConfidence"}, "tehtris": {"method": "blacklist", "engine_name": "tehtris", "engine_version": "v0.1.4", "engine_update": "20250608", "category": "undetected", "result": null}, "ESET-NOD32": {"method": "blacklist", "engine_name": "ESET-NOD32", "engine_version": "31329", "engine_update": "20250608", "category": "undetected", "result": null}, "Zoner": {"method": "blacklist", "engine_name": "Zoner", "engine_version": "2.2.2.0", "engine_update": "20250608", "category": "malicious", "result": "Probably Heur.ExeHeaderL"}, "APEX": {"method": "blacklist", "engine_name": "APEX", "engine_version": "6.663", "engine_update": "20250607", "category": "undetected", "result": null}, "Paloalto": {"method": "blacklist", "engine_name": "Paloalto", "engine_version": "0.9.0.1003", "engine_update": "20250608", "category": "malicious", "result": "generic.ml"}, "ClamAV": {"method": "blacklist", "engine_name": "ClamAV", "engine_version": "1.4.2.0", "engine_update": "20250607", "category": "undetected", "result": null}, "Kaspersky": {"method": "blacklist", "engine_name": "Kaspersky", "engine_version": "22.0.1.28", "engine_update": "20250608", "category": "malicious", "result": "HEUR:Trojan.MSIL.Agent.gen"}, "BitDefender": {"method": "blacklist", "engine_name": "BitDefender", "engine_version": "7.2", "engine_update": "20250608", "category": "malicious", "result": "Trojan.GenericKD.76535723"}, "NANO-Antivirus": {"method": "blacklist", "engine_name": "NANO-Antivirus", "engine_version": "1.0.170.26710", "engine_update": "20250608", "category": "undetected", "result": null}, "SUPERAntiSpyware": {"method": "blacklist", "engine_name": "SUPERAntiSpyware", "engine_version": "5.6.0.1032", "engine_update": "20250607", "category": "undetected", "result": null}, "MicroWorld-eScan": {"method": "blacklist", "engine_name": "MicroWorld-eScan", "engine_version": "14.0.409.0", "engine_update": "20250608", "category": "malicious", "result": "Trojan.GenericKD.76535723"}, "Avast": {"method": "blacklist", "engine_name": "Avast", "engine_version": "23.9.8494.0", "engine_update": "20250608", "category": "malicious", "result": "Win32:MalwareX-gen [Misc]"}, "Tencent": {"method": "blacklist", "engine_name": "Tencent", "engine_version": "1.0.0.1", "engine_update": "20250608", "category": "undetected", "result": null}, "Emsisoft": {"method": "blacklist", "engine_name": "Emsisoft", "engine_version": "2024.8.0.61147", "engine_update": "20250608", "category": "malicious", "result": "Trojan.GenericKD.76535723 (B)"}, "F-Secure": {"method": "blacklist", "engine_name": "F-Secure", "engine_version": "18.10.1547.307", "engine_update": "20250608", "category": "undetected", "result": null}, "DrWeb": {"method": "blacklist", "engine_name": "DrWeb", "engine_version": "7.0.67.2170", "engine_update": "20250608", "category": "undetected", "result": null}, "Zillya": {"method": "blacklist", "engine_name": "Zillya", "engine_version": "2.0.0.5375", "engine_update": "20250606", "category": "undetected", "result": null}, "TrendMicro": {"method": "blacklist", "engine_name": "TrendMicro", "engine_version": "24.550.0.1002", "engine_update": "20250608", "category": "malicious", "result": "TrojanSpy.Win32.NEGASTEAL.YXFFGZ"}, "McAfeeD": {"method": "blacklist", "engine_name": "McAfeeD", "engine_version": "1.2.0.10275", "engine_update": "20250608", "category": "malicious", "result": "Real Protect-LS!70199C1A21A8"}, "Trapmine": {"method": "blacklist", "engine_name": "Trapmine", "engine_version": "4.0.4.0", "engine_update": "20250515", "category": "malicious", "result": "malicious.moderate.ml.score"}, "CMC": {"method": "blacklist", "engine_name": "CMC", "engine_version": "2.4.2022.1", "engine_update": "20250608", "category": "undetected", "result": null}, "Sophos": {"method": "blacklist", "engine_name": "Sophos", "engine_version": "3.0.3.0", "engine_update": "20250607", "category": "malicious", "result": "Mal/Generic-S"}, "Ikarus": {"method": "blacklist", "engine_name": "Ikarus", "engine_version": "6.4.16.0", "engine_update": "20250607", "category": "malicious", "result": "PUA.MSIL.Riskware"}, "Jiangmin": {"method": "blacklist", "engine_name": "Jiangmin", "engine_version": "16.0.100", "engine_update": "20250607", "category": "undetected", "result": null}, "Webroot": {"method": "blacklist", "engine_name": "Webroot", "engine_version": "1.9.0.8", "engine_update": "20250227", "category": "undetected", "result": null}, "Google": {"method": "blacklist", "engine_name": "Google", "engine_version": "1749355236", "engine_update": "20250608", "category": "malicious", "result": "Detected"}, "Avira": {"method": "blacklist", "engine_name": "Avira", "engine_version": "8.3.3.20", "engine_update": "20250608", "category": "undetected", "result": null}, "Antiy-AVL": {"method": "blacklist", "engine_name": "Antiy-AVL", "engine_version": "3.0", "engine_update": "20250608", "category": "malicious", "result": "HackTool[Obfuscator]/MSIL.ConfuserEx.a"}, "Kingsoft": {"method": "blacklist", "engine_name": "Kingsoft", "engine_version": "None", "engine_update": "20250607", "category": "malicious", "result": "malware.kb.c.999"}, "Microsoft": {"method": "blacklist", "engine_name": "Microsoft", "engine_version": "1.1.25040.1", "engine_update": "20250608", "category": "malicious", "result": "Program:Win32/Wacapew.C!ml"}, "Gridinsoft": {"method": "blacklist", "engine_name": "Gridinsoft", "engine_version": "1.0.217.174", "engine_update": "20250608", "category": "malicious", "result": "Trojan.Heur!.030120A1"}, "Xcitium": {"method": "blacklist", "engine_name": "Xcitium", "engine_version": "37789", "engine_update": "20250607", "category": "undetected", "result": null}, "Arcabit": {"method": "blacklist", "engine_name": "Arcabit", "engine_version": "2022.0.0.18", "engine_update": "20250608", "category": "malicious", "result": "Trojan.Generic.D48FD7AB"}, "ViRobot": {"method": "blacklist", "engine_name": "ViRobot", "engine_version": "2014.3.20.0", "engine_update": "20250607", "category": "undetected", "result": null}, "ZoneAlarm": {"method": "blacklist", "engine_name": "ZoneAlarm", "engine_version": "6.17-105077671", "engine_update": "20250607", "category": "undetected", "result": null}, "GData": {"method": "blacklist", "engine_name": "GData", "engine_version": "GD:27.40616AVA:64.29304", "engine_update": "20250608", "category": "malicious", "result": "Win32.Application.Agent.OHZ9U3"}, "Varist": {"method": "blacklist", "engine_name": "Varist", "engine_version": "6.6.1.3", "engine_update": "20250608", "category": "malicious", "result": "W32/ABApplication.YIGC-7768"}, "AhnLab-V3": {"method": "blacklist", "engine_name": "AhnLab-V3", "engine_version": "3.27.2.10550", "engine_update": "20250608", "category": "undetected", "result": null}, "Acronis": {"method": "blacklist", "engine_name": "Acronis", "engine_version": "1.2.0.121", "engine_update": "20240328", "category": "undetected", "result": null}, "VBA32": {"method": "blacklist", "engine_name": "VBA32", "engine_version": "5.3.2", "engine_update": "20250606", "category": "undetected", "result": null}, "TACHYON": {"method": "blacklist", "engine_name": "TACHYON", "engine_version": "2025-06-08.01", "engine_update": "20250608", "category": "undetected", "result": null}, "Malwarebytes": {"method": "blacklist", "engine_name": "Malwarebytes", "engine_version": "4.5.5.54", "engine_update": "20250608", "category": "malicious", "result": "Malware.AI.4283111240"}, "Panda": {"method": "blacklist", "engine_name": "Panda", "engine_version": "4.6.4.2", "engine_update": "20250607", "category": "undetected", "result": null}, "TrendMicro-HouseCall": {"method": "blacklist", "engine_name": "TrendMicro-HouseCall", "engine_version": "24.550.0.1002", "engine_update": "20250608", "category": "malicious", "result": "TROJ_GEN.R002H09F425"}, "Rising": {"method": "blacklist", "engine_name": "Rising", "engine_version": "25.0.0.28", "engine_update": "20250608", "category": "undetected", "result": null}, "Yandex": {"method": "blacklist", "engine_name": "Yandex", "engine_version": "5.5.2.24", "engine_update": "20250608", "category": "undetected", "result": null}, "TrellixENS": {"method": "blacklist", "engine_name": "TrellixENS", "engine_version": "6.0.6.653", "engine_update": "20250607", "category": "malicious", "result": "Artemis!70199C1A21A8"}, "SentinelOne": {"method": "blacklist", "engine_name": "SentinelOne", "engine_version": "25.1.1.1", "engine_update": "20250114", "category": "malicious", "result": "Static AI - Malicious PE"}, "Fortinet": {"method": "blacklist", "engine_name": "Fortinet", "engine_version": "7.0.30.0", "engine_update": "20250608", "category": "malicious", "result": "Riskware/Application"}, "AVG": {"method": "blacklist", "engine_name": "AVG", "engine_version": "23.9.8494.0", "engine_update": "20250608", "category": "malicious", "result": "Win32:MalwareX-gen [Misc]"}, "DeepInstinct": {"method": "blacklist", "engine_name": "DeepInstinct", "engine_version": "5.0.0.8", "engine_update": "20250607", "category": "malicious", "result": "MALICIOUS"}, "alibabacloud": {"method": "blacklist", "engine_name": "alibabacloud", "engine_version": "2.2.0", "engine_update": "20250321", "category": "malicious", "result": "Trojan:MSIL/Agent.gyf"}, "MaxSecure": {"method": "blacklist", "engine_name": "MaxSecure", "engine_version": "1.0.0.1", "engine_update": "20250606", "category": "failure", "result": null}, "VirIT": {"method": "blacklist", "engine_name": "VirIT", "engine_version": null, "engine_update": "20250606", "category": "failure", "result": null}, "Avast-Mobile": {"method": "blacklist", "engine_name": "Avast-Mobile", "engine_version": "250607-00", "engine_update": "20250607", "category": "type-unsupported", "result": null}, "SymantecMobileInsight": {"method": "blacklist", "engine_name": "SymantecMobileInsight", "engine_version": "2.0", "engine_update": "20250124", "category": "type-unsupported", "result": null}, "BitDefenderFalx": {"method": "blacklist", "engine_name": "BitDefenderFalx", "engine_version": "2.0.936", "engine_update": "20250416", "category": "type-unsupported", "result": null}, "Trustlook": {"method": "blacklist", "engine_name": "Trustlook", "engine_version": "1.0", "engine_update": "20250608", "category": "type-unsupported", "result": null}}, "stats": {"malicious": 39, "suspicious": 0, "undetected": 31, "harmless": 0, "timeout": 0, "confirmed-timeout": 0, "failure": 2, "type-unsupported": 4}}, "static": {"pe": {"peid_signatures": [], "pe_imports": [{"dll": "mscoree.dll", "imports": [{"address": "0x5be000", "name": "_CorExeMain"}]}], "pe_exports": [], "pe_sections": [{"name": "Ew1QWEBz", "virtual_address": "0x00002000", "virtual_size": "0x001a5d34", "size_of_data": "0x001a5e00", "entropy": 7.999894916641155}, {"name": ".text", "virtual_address": "0x001a8000", "virtual_size": "0x00011740", "size_of_data": "0x00011800", "entropy": 4.770685064329309}, {"name": ".rsrc", "virtual_address": "0x001ba000", "virtual_size": "0x00000598", "size_of_data": "0x00000600", "entropy": 4.052253495084819}, {"name": ".reloc", "virtual_address": "0x001bc000", "virtual_size": "0x0000000c", "size_of_data": "0x00000200", "entropy": 0.09800417566270775}, {"name": "", "virtual_address": "0x001be000", "virtual_size": "0x00000010", "size_of_data": "0x00000200", "entropy": 0.14263576814887827}], "pe_resources": [{"name": "RT_VERSION", "offset": "0x001ba0a0", "size": "0x0000030c", "filetype": "data", "language": "LANG_NEUTRAL", "sublanguage": "SUBLANG_NEUTRAL"}, {"name": "RT_MANIFEST", "offset": "0x001ba3ac", "size": "0x000001ea", "filetype": "XML 1.0 document, Unicode text, UTF-8 (with BOM) text, with CRLF line terminators", "language": "LANG_NEUTRAL", "sublanguage": "SUBLANG_NEUTRAL"}], "pe_versioninfo": [{"name": "Translation", "value": "0x0000 0x04b0"}, {"name": "Comments", "value": ""}, {"name": "CompanyName", "value": ""}, {"name": "FileDescription", "value": "Puffup"}, {"name": "FileVersion", "value": "1.0.0.0"}, {"name": "InternalName", "value": "Puffup.exe"}, {"name": "LegalCopyright", "value": "Copyright \u00a9  2025"}, {"name": "LegalTrademarks", "value": ""}, {"name": "OriginalFilename", "value": "Puffup.exe"}, {"name": "ProductName", "value": "Puffup"}, {"name": "ProductVersion", "value": "1.0.0.0"}, {"name": "Assembly Version", "value": "1.0.0.0"}], "pe_imphash": "f34d5f2d4577ed6d9ceec516c1f5a744", "pe_timestamp": "2042-01-14T03:30:13", "signatures": []}}, "command": {}, "errors": {}}