{"id": "20250608-L18PBA", "kind": "standard", "state": "finished", "settings": {"timeout": 300, "priority": 1, "platforms": [{"platform": "windows", "os_version": "10", "tags": [], "settings": {"browser": "", "command": [], "route": {}}}], "manual": true, "dump_memory": false, "options": {}, "enforce_timeout": true, "route": {"type": "internet", "options": {}}, "command": [], "orig_filename": false, "password": "infected", "browser": "", "extrpath": ["9733092223c428fc0e44a90b01c7f77a97bb1205def8be1224ac68969182638e.exe"]}, "created_on": {"__isodt__": "2025-06-08T10:01:24.565767"}, "category": "file", "submitted": {"size": 619858, "md5": "ff61d45048303bb43d4ee41bf3b11fe9", "sha1": "ccdafc8ed907b6e87710f17301b74ccf7af123c7", "sha256": "618159cbe01f10a248c81476cbcdaf0b42f37f5d10cdd1dfb2e4d7c8bfdb4afa", "sha512": "7cc456740f9a5204aef7f054add91d17658e0f96fa45fc41a3f198903c8772e511b85ad7779586c91433cb593d76ddb059fd004da8a96d90543025105618177d", "media_type": "application/zip", "type": "Zip archive data, at least v5.1 to extract, compression method=AES Encrypted", "filename": "9733092223c428fc0e44a90b01c7f77a97bb1205def8be1224ac68969182638e.exe", "category": "file"}, "score": 10, "target": {"filename": "9733092223c428fc0e44a90b01c7f77a97bb1205def8be1224ac68969182638e.exe", "orig_filename": "9733092223c428fc0e44a90b01c7f77a97bb1205def8be1224ac68969182638e.exe", "platforms": [{"platform": "windows", "os_version": ""}], "machine_tags": [], "size": 631808, "filetype": "PE32+ executable (GUI) x86-64, for MS Windows", "media_type": "application/x-dosexec", "extrpath": ["9733092223c428fc0e44a90b01c7f77a97bb1205def8be1224ac68969182638e.exe"], "container": false, "sha512": "b2294c49d12380cb3fc88710bbbc736205f56b23bc146d84511e514246653ea8e24d1df26a789aee5e841f1f41c8592adddbad43ac0abb079f97396198fff186", "sha256": "9733092223c428fc0e44a90b01c7f77a97bb1205def8be1224ac68969182638e", "sha1": "cf05bb575eb36a2987ca89f0b60633ca6c3c92db", "md5": "f954f24e6eb85ef1b64e315491dad816"}, "errors": {}, "tasks": [{"id": "20250608-L18PBA_1", "platform": "windows", "os_version": "10", "state": "reported", "score": 10, "started_on": {"__isodt__": "2025-06-08T10:01:32.402253"}, "stopped_on": {"__isodt__": "2025-06-08T10:06:57.835432"}}], "families": ["xmrig"], "tags": ["miner", "evasion"], "ttps": [{"id": "T1012", "name": "Query Registry", "tactics": ["Discovery"], "reference": "https://attack.mitre.org/techniques/T1012", "subtechniques": []}, {"id": "T1547.001", "name": "Registry Run Keys / Startup Folder", "tactics": ["Persistence", "Privilege Escalation"], "reference": "https://attack.mitre.org/techniques/T1547/001", "subtechniques": []}, {"id": "T1497.001", "name": "System Checks", "tactics": ["Defense Evasion", "Discovery"], "reference": "https://attack.mitre.org/techniques/T1497/001", "subtechniques": []}, {"id": "T1059.001", "name": "PowerShell", "tactics": ["Execution"], "reference": "https://attack.mitre.org/techniques/T1059/001", "subtechniques": []}, {"id": "T1082", "name": "System Information Discovery", "tactics": ["Discovery"], "reference": "https://attack.mitre.org/techniques/T1082", "subtechniques": []}, {"id": "T1070.004", "name": "File Deletion", "tactics": ["Defense Evasion"], "reference": "https://attack.mitre.org/techniques/T1070/004", "subtechniques": []}, {"id": "T1134.004", "name": "Parent PID Spoofing", "tactics": ["Defense Evasion", "Privilege Escalation"], "reference": "https://attack.mitre.org/techniques/T1134/004", "subtechniques": []}, {"id": "T1112", "name": "Modify Registry", "tactics": ["Defense Evasion"], "reference": "https://attack.mitre.org/techniques/T1112", "subtechniques": []}]}