{"analysis_id": "20250608-L18PBA", "score": 10, "signatures": [{"name": "virustotal", "short_description": "Virustotal sources report this target as malicious", "description": "54 Virustotal antivirus engines detect this target as malicious", "ttps": [], "tags": [], "family": "", "iocs": {"truncated": false, "count": 54, "iocs": [{"truncated": false, "ioc": {"antivirus": "Kaspersky"}}, {"truncated": false, "ioc": {"antivirus": "Lionic"}}, {"truncated": false, "ioc": {"antivirus": "TrendMicro-HouseCall"}}, {"truncated": false, "ioc": {"antivirus": "Antiy-AVL"}}, {"truncated": false, "ioc": {"antivirus": "ESET-NOD32"}}, {"truncated": false, "ioc": {"antivirus": "MicroWorld-eScan"}}, {"truncated": false, "ioc": {"antivirus": "K7AntiVirus"}}, {"truncated": false, "ioc": {"antivirus": "CAT-QuickHeal"}}, {"truncated": false, "ioc": {"antivirus": "DrWeb"}}, {"truncated": false, "ioc": {"antivirus": "Emsisoft"}}, {"truncated": false, "ioc": {"antivirus": "alibabacloud"}}, {"truncated": false, "ioc": {"antivirus": "Fortinet"}}, {"truncated": false, "ioc": {"antivirus": "ALYac"}}, {"truncated": false, "ioc": {"antivirus": "Cylance"}}, {"truncated": false, "ioc": {"antivirus": "Varist"}}, {"truncated": false, "ioc": {"antivirus": "Avast"}}, {"truncated": false, "ioc": {"antivirus": "Panda"}}, {"truncated": false, "ioc": {"antivirus": "Rising"}}, {"truncated": false, "ioc": {"antivirus": "Bkav"}}, {"truncated": false, "ioc": {"antivirus": "K7GW"}}, {"truncated": false, "ioc": {"antivirus": "Microsoft"}}, {"truncated": false, "ioc": {"antivirus": "Symantec"}}, {"truncated": false, "ioc": {"antivirus": "Xcitium"}}, {"truncated": false, "ioc": {"antivirus": "TACHYON"}}, {"truncated": false, "ioc": {"antivirus": "BitDefender"}}, {"truncated": false, "ioc": {"antivirus": "AVG"}}, {"truncated": false, "ioc": {"antivirus": "CTX"}}, {"truncated": false, "ioc": {"antivirus": "Sangfor"}}, {"truncated": false, "ioc": {"antivirus": "TrellixENS"}}, {"truncated": false, "ioc": {"antivirus": "Alibaba"}}, {"truncated": false, "ioc": {"antivirus": "ZoneAlarm"}}, {"truncated": false, "ioc": {"antivirus": "Paloalto"}}, {"truncated": false, "ioc": {"antivirus": "GData"}}, {"truncated": false, "ioc": {"antivirus": "VIPRE"}}, {"truncated": false, "ioc": {"antivirus": "Ikarus"}}, {"truncated": false, "ioc": {"antivirus": "CrowdStrike"}}, {"truncated": false, "ioc": {"antivirus": "McAfeeD"}}, {"truncated": false, "ioc": {"antivirus": "SentinelOne"}}, {"truncated": false, "ioc": {"antivirus": "Arcabit"}}, {"truncated": false, "ioc": {"antivirus": "DeepInstinct"}}, {"truncated": false, "ioc": {"antivirus": "ClamAV"}}, {"truncated": false, "ioc": {"antivirus": "AhnLab-V3"}}, {"truncated": false, "ioc": {"antivirus": "VirIT"}}, {"truncated": false, "ioc": {"antivirus": "MaxSecure"}}, {"truncated": false, "ioc": {"antivirus": "Kingsoft"}}, {"truncated": false, "ioc": {"antivirus": "Google"}}, {"truncated": false, "ioc": {"antivirus": "Malwarebytes"}}, {"truncated": false, "ioc": {"antivirus": "Sophos"}}, {"truncated": false, "ioc": {"antivirus": "APEX"}}, {"truncated": false, "ioc": {"antivirus": "Skyhigh"}}, {"truncated": false, "ioc": {"antivirus": "TrendMicro"}}, {"truncated": false, "ioc": {"antivirus": "huorong"}}, {"truncated": false, "ioc": {"antivirus": "Tencent"}}, {"truncated": false, "ioc": {"antivirus": "Elastic"}}]}, "score": 10}], "target": {"filename": "9733092223c428fc0e44a90b01c7f77a97bb1205def8be1224ac68969182638e.exe", "orig_filename": "9733092223c428fc0e44a90b01c7f77a97bb1205def8be1224ac68969182638e.exe", "platforms": [{"platform": "windows", "os_version": ""}], "machine_tags": [], "size": 631808, "filetype": "PE32+ executable (GUI) x86-64, for MS Windows", "media_type": "application/x-dosexec", "extrpath": ["9733092223c428fc0e44a90b01c7f77a97bb1205def8be1224ac68969182638e.exe"], "container": false, "sha512": "b2294c49d12380cb3fc88710bbbc736205f56b23bc146d84511e514246653ea8e24d1df26a789aee5e841f1f41c8592adddbad43ac0abb079f97396198fff186", "sha256": "9733092223c428fc0e44a90b01c7f77a97bb1205def8be1224ac68969182638e", "sha1": "cf05bb575eb36a2987ca89f0b60633ca6c3c92db", "md5": "f954f24e6eb85ef1b64e315491dad816"}, "category": "file", "ttps": [], "tags": [], "families": [], "platforms": [], "virustotal": {"avs": {"Bkav": {"method": "blacklist", "engine_name": "Bkav", "engine_version": "2.0.0.1", "engine_update": "20250602", "category": "malicious", "result": "W64.AIDetectMalware"}, "Lionic": {"method": "blacklist", "engine_name": "Lionic", "engine_version": "8.16", "engine_update": "20250602", "category": "malicious", "result": "Trojan.Win32.Udochka.tsIz"}, "Elastic": {"method": "blacklist", "engine_name": "Elastic", "engine_version": "4.0.208", "engine_update": "20250528", "category": "malicious", "result": "malicious (high confidence)"}, "MicroWorld-eScan": {"method": "blacklist", "engine_name": "MicroWorld-eScan", "engine_version": "14.0.409.0", "engine_update": "20250602", "category": "malicious", "result": "Win64.Expiro.Gen.7"}, "CTX": {"method": "blacklist", "engine_name": "CTX", "engine_version": "2024.8.29.1", "engine_update": "20250602", "category": "malicious", "result": "exe.virus.expiro"}, "CAT-QuickHeal": {"method": "blacklist", "engine_name": "CAT-QuickHeal", "engine_version": "22.00", "engine_update": "20250601", "category": "malicious", "result": "W32.Expiro.R3"}, "Skyhigh": {"method": "blacklist", "engine_name": "Skyhigh", "engine_version": "v2021.2.0+4045", "engine_update": "20250602", "category": "malicious", "result": "BehavesLike.Win64.Generic.jc"}, "ALYac": {"method": "blacklist", "engine_name": "ALYac", "engine_version": "2.0.0.10", "engine_update": "20250602", "category": "malicious", "result": "Trojan.Ransom.LockBit"}, "Cylance": {"method": "blacklist", "engine_name": "Cylance", "engine_version": "3.0.0.0", "engine_update": "20250529", "category": "malicious", "result": "Unsafe"}, "Zillya": {"method": "blacklist", "engine_name": "Zillya", "engine_version": "2.0.0.5372", "engine_update": "20250602", "category": "undetected", "result": null}, "Sangfor": {"method": "blacklist", "engine_name": "Sangfor", "engine_version": "2.22.3.0", "engine_update": "20250602", "category": "malicious", "result": "Virus.Win64.Expiro.Vtkj"}, "K7AntiVirus": {"method": "blacklist", "engine_name": "K7AntiVirus", "engine_version": "12.240.55936", "engine_update": "20250602", "category": "malicious", "result": "Trojan ( 005bf1a21 )"}, "Alibaba": {"method": "blacklist", "engine_name": "Alibaba", "engine_version": "0.3.0.5", "engine_update": "20190527", "category": "malicious", "result": "Virus:Win64/Expiro.6871ed36"}, "K7GW": {"method": "blacklist", "engine_name": "K7GW", "engine_version": "12.240.55937", "engine_update": "20250602", "category": "malicious", "result": "Trojan ( 005bf1a21 )"}, "CrowdStrike": {"method": "blacklist", "engine_name": "CrowdStrike", "engine_version": "1.0", "engine_update": "20231026", "category": "malicious", "result": "win/malicious_confidence_100% (W)"}, "Baidu": {"method": "blacklist", "engine_name": "Baidu", "engine_version": "1.0.0.2", "engine_update": "20190318", "category": "undetected", "result": null}, "VirIT": {"method": "blacklist", "engine_name": "VirIT", "engine_version": "9.5.966", "engine_update": "20250530", "category": "malicious", "result": "Win64.Expiro.AJ"}, "Symantec": {"method": "blacklist", "engine_name": "Symantec", "engine_version": "1.22.0.0", "engine_update": "20250602", "category": "malicious", "result": "Trojan Horse"}, "tehtris": {"method": "blacklist", "engine_name": "tehtris", "engine_version": "v0.1.4", "engine_update": "20250602", "category": "undetected", "result": null}, "ESET-NOD32": {"method": "blacklist", "engine_name": "ESET-NOD32", "engine_version": "31298", "engine_update": "20250602", "category": "malicious", "result": "a variant of Win64/Expiro.CV"}, "APEX": {"method": "blacklist", "engine_name": "APEX", "engine_version": "6.661", "engine_update": "20250601", "category": "malicious", "result": "Malicious"}, "TrendMicro-HouseCall": {"method": "blacklist", "engine_name": "TrendMicro-HouseCall", "engine_version": "24.550.0.1002", "engine_update": "20250602", "category": "malicious", "result": "Ransom.Win64.LOCKBIT.YXFBFT"}, "Paloalto": {"method": "blacklist", "engine_name": "Paloalto", "engine_version": "0.9.0.1003", "engine_update": "20250602", "category": "malicious", "result": "generic.ml"}, "ClamAV": {"method": "blacklist", "engine_name": "ClamAV", "engine_version": "1.4.2.0", "engine_update": "20250602", "category": "malicious", "result": "Win.Ransomware.Lockbit-10044500-0"}, "Kaspersky": {"method": "blacklist", "engine_name": "Kaspersky", "engine_version": "22.0.1.28", "engine_update": "20250602", "category": "malicious", "result": "Virus.Win64.Moiva.a"}, "BitDefender": {"method": "blacklist", "engine_name": "BitDefender", "engine_version": "7.2", "engine_update": "20250602", "category": "malicious", "result": "Win64.Expiro.Gen.7"}, "NANO-Antivirus": {"method": "blacklist", "engine_name": "NANO-Antivirus", "engine_version": "1.0.170.26710", "engine_update": "20250602", "category": "undetected", "result": null}, "SUPERAntiSpyware": {"method": "blacklist", "engine_name": "SUPERAntiSpyware", "engine_version": "5.6.0.1032", "engine_update": "20250531", "category": "undetected", "result": null}, "Avast": {"method": "blacklist", "engine_name": "Avast", "engine_version": "23.9.8494.0", "engine_update": "20250602", "category": "malicious", "result": "Win64:Expiro-AJ [Inf]"}, "Tencent": {"method": "blacklist", "engine_name": "Tencent", "engine_version": "1.0.0.1", "engine_update": "20250602", "category": "malicious", "result": "Virus.Win64.VirMoiva.a"}, "Emsisoft": {"method": "blacklist", "engine_name": "Emsisoft", "engine_version": "2024.8.0.61147", "engine_update": "20250602", "category": "malicious", "result": "Win64.Expiro.Gen.7 (B)"}, "F-Secure": {"method": "blacklist", "engine_name": "F-Secure", "engine_version": "18.10.1547.307", "engine_update": "20250602", "category": "undetected", "result": null}, "DrWeb": {"method": "blacklist", "engine_name": "DrWeb", "engine_version": "7.0.67.2170", "engine_update": "20250602", "category": "malicious", "result": "Win32.Expiro.153"}, "VIPRE": {"method": "blacklist", "engine_name": "VIPRE", "engine_version": "6.0.0.35", "engine_update": "20250602", "category": "malicious", "result": "Win64.Expiro.Gen.7"}, "TrendMicro": {"method": "blacklist", "engine_name": "TrendMicro", "engine_version": "24.550.0.1002", "engine_update": "20250602", "category": "malicious", "result": "Ransom.Win64.LOCKBIT.YXFBFT"}, "McAfeeD": {"method": "blacklist", "engine_name": "McAfeeD", "engine_version": "1.2.0.10275", "engine_update": "20250602", "category": "malicious", "result": "Real Protect-LS!F954F24E6EB8"}, "SentinelOne": {"method": "blacklist", "engine_name": "SentinelOne", "engine_version": "25.1.1.1", "engine_update": "20250114", "category": "malicious", "result": "Static AI - Suspicious PE"}, "Trapmine": {"method": "blacklist", "engine_name": "Trapmine", "engine_version": "4.0.4.0", "engine_update": "20250515", "category": "undetected", "result": null}, "CMC": {"method": "blacklist", "engine_name": "CMC", "engine_version": "2.4.2022.1", "engine_update": "20250602", "category": "undetected", "result": null}, "Sophos": {"method": "blacklist", "engine_name": "Sophos", "engine_version": "3.0.3.0", "engine_update": "20250602", "category": "malicious", "result": "W64/Moiva-B"}, "Ikarus": {"method": "blacklist", "engine_name": "Ikarus", "engine_version": "6.4.16.0", "engine_update": "20250602", "category": "malicious", "result": "Virus.Win32.Expiro"}, "GData": {"method": "blacklist", "engine_name": "GData", "engine_version": "GD:27.40549AVA:64.29281", "engine_update": "20250602", "category": "malicious", "result": "Win64.Expiro.Gen.7"}, "Jiangmin": {"method": "blacklist", "engine_name": "Jiangmin", "engine_version": "16.0.100", "engine_update": "20250601", "category": "undetected", "result": null}, "Webroot": {"method": "blacklist", "engine_name": "Webroot", "engine_version": "1.9.0.8", "engine_update": "20250227", "category": "undetected", "result": null}, "Google": {"method": "blacklist", "engine_name": "Google", "engine_version": "1748885422", "engine_update": "20250602", "category": "malicious", "result": "Detected"}, "Avira": {"method": "blacklist", "engine_name": "Avira", "engine_version": "8.3.3.20", "engine_update": "20250602", "category": "undetected", "result": null}, "Varist": {"method": "blacklist", "engine_name": "Varist", "engine_version": "6.6.1.3", "engine_update": "20250602", "category": "malicious", "result": "W64/ABRisk.ZRTP-1570"}, "Antiy-AVL": {"method": "blacklist", "engine_name": "Antiy-AVL", "engine_version": "3.0", "engine_update": "20250602", "category": "malicious", "result": "Virus/Win32.Expiro.x"}, "Kingsoft": {"method": "blacklist", "engine_name": "Kingsoft", "engine_version": "None", "engine_update": "20250602", "category": "malicious", "result": "malware.kb.b.918"}, "Gridinsoft": {"method": "blacklist", "engine_name": "Gridinsoft", "engine_version": "1.0.217.174", "engine_update": "20250602", "category": "undetected", "result": null}, "Xcitium": {"method": "blacklist", "engine_name": "Xcitium", "engine_version": "37774", "engine_update": "20250602", "category": "malicious", "result": "Malware@#3tsw5zds9kaos"}, "Arcabit": {"method": "blacklist", "engine_name": "Arcabit", "engine_version": "2022.0.0.18", "engine_update": "20250602", "category": "malicious", "result": "Win64.Expiro.Gen.7"}, "ViRobot": {"method": "blacklist", "engine_name": "ViRobot", "engine_version": "2014.3.20.0", "engine_update": "20250602", "category": "undetected", "result": null}, "ZoneAlarm": {"method": "blacklist", "engine_name": "ZoneAlarm", "engine_version": "6.16-103871059", "engine_update": "20250602", "category": "malicious", "result": "W64/Moiva-B"}, "Microsoft": {"method": "blacklist", "engine_name": "Microsoft", "engine_version": "1.1.25040.1", "engine_update": "20250602", "category": "malicious", "result": "Virus:Win64/Expiro.DD!MTB"}, "Cynet": {"method": "blacklist", "engine_name": "Cynet", "engine_version": "4.0.3.4", "engine_update": "20250602", "category": "undetected", "result": null}, "AhnLab-V3": {"method": "blacklist", "engine_name": "AhnLab-V3", "engine_version": "3.27.2.10550", "engine_update": "20250602", "category": "malicious", "result": "Virus/Win.Expiro.X2155"}, "Acronis": {"method": "blacklist", "engine_name": "Acronis", "engine_version": "1.2.0.121", "engine_update": "20240328", "category": "undetected", "result": null}, "VBA32": {"method": "blacklist", "engine_name": "VBA32", "engine_version": "5.3.2", "engine_update": "20250602", "category": "undetected", "result": null}, "TACHYON": {"method": "blacklist", "engine_name": "TACHYON", "engine_version": "2025-06-02.02", "engine_update": "20250602", "category": "malicious", "result": "Virus/W64.Movia"}, "Malwarebytes": {"method": "blacklist", "engine_name": "Malwarebytes", "engine_version": "4.5.5.54", "engine_update": "20250602", "category": "malicious", "result": "Ransom.LockBit"}, "Panda": {"method": "blacklist", "engine_name": "Panda", "engine_version": "4.6.4.2", "engine_update": "20250602", "category": "malicious", "result": "W64/Moyv.A"}, "Zoner": {"method": "blacklist", "engine_name": "Zoner", "engine_version": "2.2.2.0", "engine_update": "20250602", "category": "undetected", "result": null}, "Rising": {"method": "blacklist", "engine_name": "Rising", "engine_version": "25.0.0.28", "engine_update": "20250602", "category": "malicious", "result": "Backdoor.PMax!8.2E40 (TFE:3:YwMFEyZ9WDQ)"}, "Yandex": {"method": "blacklist", "engine_name": "Yandex", "engine_version": "5.5.2.24", "engine_update": "20250602", "category": "undetected", "result": null}, "TrellixENS": {"method": "blacklist", "engine_name": "TrellixENS", "engine_version": "6.0.6.653", "engine_update": "20250602", "category": "malicious", "result": "Artemis!F954F24E6EB8"}, "huorong": {"method": "blacklist", "engine_name": "huorong", "engine_version": "37a3dcf:37a3dcf:fe45ca5:fe45ca5", "engine_update": "20250602", "category": "malicious", "result": "Virus/W64.Expiro.r"}, "MaxSecure": {"method": "blacklist", "engine_name": "MaxSecure", "engine_version": "1.0.0.1", "engine_update": "20250602", "category": "malicious", "result": "Trojan.Malware.300983.susgen"}, "Fortinet": {"method": "blacklist", "engine_name": "Fortinet", "engine_version": "7.0.30.0", "engine_update": "20250602", "category": "malicious", "result": "W64/Expiro.CV!tr"}, "AVG": {"method": "blacklist", "engine_name": "AVG", "engine_version": "23.9.8494.0", "engine_update": "20250602", "category": "malicious", "result": "Win64:Expiro-AJ [Inf]"}, "DeepInstinct": {"method": "blacklist", "engine_name": "DeepInstinct", "engine_version": "5.0.0.8", "engine_update": "20250602", "category": "malicious", "result": "MALICIOUS"}, "alibabacloud": {"method": "blacklist", "engine_name": "alibabacloud", "engine_version": "2.2.0", "engine_update": "20250321", "category": "malicious", "result": "Virus:Win/Expiro.CY"}, "Trustlook": {"method": "blacklist", "engine_name": "Trustlook", "engine_version": "1.0", "engine_update": "20250602", "category": "type-unsupported", "result": null}, "SymantecMobileInsight": {"method": "blacklist", "engine_name": "SymantecMobileInsight", "engine_version": "2.0", "engine_update": "20250124", "category": "type-unsupported", "result": null}, "BitDefenderFalx": {"method": "blacklist", "engine_name": "BitDefenderFalx", "engine_version": "2.0.936", "engine_update": "20250416", "category": "type-unsupported", "result": null}, "Avast-Mobile": {"method": "blacklist", "engine_name": "Avast-Mobile", "engine_version": "250601-00", "engine_update": "20250601", "category": "type-unsupported", "result": null}}, "stats": {"malicious": 54, "suspicious": 0, "undetected": 18, "harmless": 0, "timeout": 0, "confirmed-timeout": 0, "failure": 0, "type-unsupported": 4}}, "static": {"pe": {"peid_signatures": [" x64 - UPX exe - NRV2E/7 compression "], "pe_imports": [{"dll": "KERNEL32.DLL", "imports": [{"address": "0x140126028", "name": "LoadLibraryA"}, {"address": "0x140126030", "name": "ExitProcess"}, {"address": "0x140126038", "name": "GetProcAddress"}, {"address": "0x140126040", "name": "VirtualProtect"}]}], "pe_exports": [], "pe_sections": [{"name": "UPX0", "virtual_address": "0x00001000", "virtual_size": "0x00118000", "size_of_data": "0x00000000", "entropy": 0.0}, {"name": "UPX1", "virtual_address": "0x00119000", "virtual_size": "0x0000d000", "size_of_data": "0x0000c200", "entropy": 7.878896581454302}, {"name": ".rdata", "virtual_address": "0x00126000", "virtual_size": "0x0008f000", "size_of_data": "0x0008e000", "entropy": 7.92874605303556}], "pe_resources": [], "pe_versioninfo": [], "pe_imphash": "6ed4f5f04d62b18d96b26d6db7c18840", "pe_timestamp": "1970-01-01T01:00:00", "signatures": []}}, "command": {}, "errors": {}}