{"id": "20250619-1YDD2J", "kind": "standard", "state": "fatal_error", "settings": {"timeout": 120, "priority": 1, "platforms": [], "manual": false, "dump_memory": false, "options": {}, "enforce_timeout": true, "route": {"type": "drop", "options": {}}, "command": [], "orig_filename": false, "password": "", "browser": "", "extrpath": []}, "created_on": {"__isodt__": "2025-06-19T10:33:42.368273"}, "category": "file", "submitted": {"size": 102678, "md5": "1a97f6d7cfc1b9517cc4f0e6138b49a6", "sha1": "5b5fa068512e47476ab9045feceb7308c8d8bbde", "sha256": "5323f7f72b57ff42df670c6ec939f124c522833ddc0eba0b5c1770f4eb255d53", "sha512": "92e74164b5d2a57864987b7c59c3d66c5da33024cef2b05cd4899970938634aa447b55d70995e2f6cdf9083a3d3f066883ca2461c805f816f679c79b8e4eef98", "media_type": "application/zip", "type": "Zip archive data, at least v2.0 to extract, compression method=AES Encrypted", "filename": "LB3.zip", "category": "file"}, "score": 0, "target": {}, "errors": {"errors": [], "fatal": [{"error": "Analysis 20250619-1YDD2J identification processing cancelled by plugin: Identify. Reason: Failed to unpack file: No correct password for encrypted archive. Unpacker: 7zfile", "traceback": ""}]}, "tasks": [], "families": [], "tags": [], "ttps": []}