{"id": "20250619-71UIWL", "kind": "standard", "state": "finished", "settings": {"timeout": 120, "priority": 1, "platforms": [{"platform": "windows", "os_version": "10", "tags": [], "settings": {"browser": "", "command": [], "route": {}}}], "manual": false, "dump_memory": false, "options": {}, "enforce_timeout": true, "route": {"type": "drop", "options": {}}, "command": [], "orig_filename": false, "password": "", "browser": "", "extrpath": []}, "created_on": {"__isodt__": "2025-06-19T10:16:40.720775"}, "category": "file", "submitted": {"size": 4595962, "md5": "a11ea3b6e0647ca61c4680af8ea69d8d", "sha1": "5120058d8a7e308b4fce3eaf6cd6dfd888e8d8b2", "sha256": "2934f6832912e020cc58931b7bd55262b020a1ed0dbf251170bda9da0351b272", "sha512": "8f22b6f0978df3ece6c4862f5b73b97b41e07eab184496133e7604eaa819ed823269885af8eefc19cee985c8d83fa9e07cb946a2e62c94a2454dc89a8f9bd640", "media_type": "application/zip", "type": "Zip archive data, at least v5.1 to extract, compression method=AES Encrypted", "filename": "adware-79f32eeb2b36cc66836e2a4edd0683f7206d7c59aad96f7cfe873af39f5d2bf7.zip", "category": "file"}, "score": 10, "target": {"filename": "79f32eeb2b36cc66836e2a4edd0683f7206d7c59aad96f7cfe873af39f5d2bf7.exe", "orig_filename": "79f32eeb2b36cc66836e2a4edd0683f7206d7c59aad96f7cfe873af39f5d2bf7.exe", "platforms": [{"platform": "windows", "os_version": ""}], "size": 6714632, "filetype": "PE32 executable (GUI) Intel 80386, for MS Windows", "media_type": "application/x-dosexec", "extrpath": ["79f32eeb2b36cc66836e2a4edd0683f7206d7c59aad96f7cfe873af39f5d2bf7.exe"], "password": "", "machine_tags": [], "container": false, "sha512": "d772ec04572a738b28f19b376f5928883b4d990a5da0c1e6dfe964bba49f7f9424a428f1f4d61f48bc95daa91e6463df6bdee37f8dae7cbe34559e6cd4101149", "sha256": "79f32eeb2b36cc66836e2a4edd0683f7206d7c59aad96f7cfe873af39f5d2bf7", "sha1": "adc7ca17346cf63d89e6c86525c805132c1b9ddb", "md5": "9c033bade96091f544f321a24498673a"}, "errors": {}, "tasks": [{"id": "20250619-71UIWL_1", "platform": "windows", "os_version": "10", "state": "reported", "score": 7, "started_on": {"__isodt__": "2025-06-19T10:16:46.544144"}, "stopped_on": {"__isodt__": "2025-06-19T10:19:09.651470"}}], "families": [], "tags": [], "ttps": [{"id": "T1082", "name": "System Information Discovery", "tactics": ["Discovery"], "reference": "https://attack.mitre.org/techniques/T1082", "subtechniques": []}, {"id": "T1012", "name": "Query Registry", "tactics": ["Discovery"], "reference": "https://attack.mitre.org/techniques/T1012", "subtechniques": []}, {"id": "T1518", "name": "Software Discovery", "tactics": ["Discovery"], "reference": "https://attack.mitre.org/techniques/T1518", "subtechniques": ["T1518.001"]}, {"id": "T1497.001", "name": "System Checks", "tactics": ["Defense Evasion", "Discovery"], "reference": "https://attack.mitre.org/techniques/T1497/001", "subtechniques": []}]}