{
	"analysis_id": "20250619-71UIWL",
	"score": 10,
	"signatures": [
		{
			"name": "virustotal",
			"short_description": "Virustotal sources report this target as malicious",
			"description": "25 Virustotal antivirus engines detect this target as malicious",
			"ttps": [],
			"tags": [],
			"family": "",
			"iocs": {
				"truncated": false,
				"count": 25,
				"iocs": [
					{
						"truncated": false,
						"ioc": {
							"antivirus": "McAfeeD"
						}
					},
					{
						"truncated": false,
						"ioc": {
							"antivirus": "Cylance"
						}
					},
					{
						"truncated": false,
						"ioc": {
							"antivirus": "McAfee"
						}
					},
					{
						"truncated": false,
						"ioc": {
							"antivirus": "CTX"
						}
					},
					{
						"truncated": false,
						"ioc": {
							"antivirus": "DeepInstinct"
						}
					},
					{
						"truncated": false,
						"ioc": {
							"antivirus": "K7AntiVirus"
						}
					},
					{
						"truncated": false,
						"ioc": {
							"antivirus": "Cynet"
						}
					},
					{
						"truncated": false,
						"ioc": {
							"antivirus": "ESET-NOD32"
						}
					},
					{
						"truncated": false,
						"ioc": {
							"antivirus": "Ikarus"
						}
					},
					{
						"truncated": false,
						"ioc": {
							"antivirus": "AVG"
						}
					},
					{
						"truncated": false,
						"ioc": {
							"antivirus": "Microsoft"
						}
					},
					{
						"truncated": false,
						"ioc": {
							"antivirus": "Rising"
						}
					},
					{
						"truncated": false,
						"ioc": {
							"antivirus": "Lionic"
						}
					},
					{
						"truncated": false,
						"ioc": {
							"antivirus": "K7GW"
						}
					},
					{
						"truncated": false,
						"ioc": {
							"antivirus": "Webroot"
						}
					},
					{
						"truncated": false,
						"ioc": {
							"antivirus": "Avast"
						}
					},
					{
						"truncated": false,
						"ioc": {
							"antivirus": "GData"
						}
					},
					{
						"truncated": false,
						"ioc": {
							"antivirus": "Xcitium"
						}
					},
					{
						"truncated": false,
						"ioc": {
							"antivirus": "Malwarebytes"
						}
					},
					{
						"truncated": false,
						"ioc": {
							"antivirus": "Zillya"
						}
					},
					{
						"truncated": false,
						"ioc": {
							"antivirus": "F-Secure"
						}
					},
					{
						"truncated": false,
						"ioc": {
							"antivirus": "Fortinet"
						}
					},
					{
						"truncated": false,
						"ioc": {
							"antivirus": "DrWeb"
						}
					},
					{
						"truncated": false,
						"ioc": {
							"antivirus": "Sophos"
						}
					},
					{
						"truncated": false,
						"ioc": {
							"antivirus": "Avira"
						}
					}
				]
			},
			"score": 10
		}
	],
	"target": {
		"filename": "79f32eeb2b36cc66836e2a4edd0683f7206d7c59aad96f7cfe873af39f5d2bf7.exe",
		"orig_filename": "79f32eeb2b36cc66836e2a4edd0683f7206d7c59aad96f7cfe873af39f5d2bf7.exe",
		"platforms": [
			{
				"platform": "windows",
				"os_version": ""
			}
		],
		"size": 6714632,
		"filetype": "PE32 executable (GUI) Intel 80386, for MS Windows",
		"media_type": "application/x-dosexec",
		"extrpath": [
			"79f32eeb2b36cc66836e2a4edd0683f7206d7c59aad96f7cfe873af39f5d2bf7.exe"
		],
		"password": "",
		"machine_tags": [],
		"container": false,
		"sha512": "d772ec04572a738b28f19b376f5928883b4d990a5da0c1e6dfe964bba49f7f9424a428f1f4d61f48bc95daa91e6463df6bdee37f8dae7cbe34559e6cd4101149",
		"sha256": "79f32eeb2b36cc66836e2a4edd0683f7206d7c59aad96f7cfe873af39f5d2bf7",
		"sha1": "adc7ca17346cf63d89e6c86525c805132c1b9ddb",
		"md5": "9c033bade96091f544f321a24498673a"
	},
	"category": "file",
	"ttps": [],
	"tags": [],
	"families": [],
	"platforms": [],
	"virustotal": {
		"avs": {
			"Bkav": {
				"method": "blacklist",
				"engine_name": "Bkav",
				"engine_version": "2.0.0.1",
				"engine_update": "20250508",
				"category": "undetected",
				"result": null
			},
			"Lionic": {
				"method": "blacklist",
				"engine_name": "Lionic",
				"engine_version": "8.16",
				"engine_update": "20250508",
				"category": "malicious",
				"result": "Adware.Win32.BrowserAssistant.2!c"
			},
			"AVG": {
				"method": "blacklist",
				"engine_name": "AVG",
				"engine_version": "23.9.8494.0",
				"engine_update": "20250508",
				"category": "malicious",
				"result": "FileRepMalware [Misc]"
			},
			"Elastic": {
				"method": "blacklist",
				"engine_name": "Elastic",
				"engine_version": "4.0.203",
				"engine_update": "20250505",
				"category": "undetected",
				"result": null
			},
			"MicroWorld-eScan": {
				"method": "blacklist",
				"engine_name": "MicroWorld-eScan",
				"engine_version": "14.0.409.0",
				"engine_update": "20250508",
				"category": "undetected",
				"result": null
			},
			"CTX": {
				"method": "blacklist",
				"engine_name": "CTX",
				"engine_version": "2024.8.29.1",
				"engine_update": "20250508",
				"category": "malicious",
				"result": "exe.adware.browserassistant"
			},
			"CAT-QuickHeal": {
				"method": "blacklist",
				"engine_name": "CAT-QuickHeal",
				"engine_version": "22.00",
				"engine_update": "20250507",
				"category": "undetected",
				"result": null
			},
			"Skyhigh": {
				"method": "blacklist",
				"engine_name": "Skyhigh",
				"engine_version": "v2021.2.0+4045",
				"engine_update": "20250507",
				"category": "undetected",
				"result": null
			},
			"McAfee": {
				"method": "blacklist",
				"engine_name": "McAfee",
				"engine_version": "6.0.6.653",
				"engine_update": "20250507",
				"category": "malicious",
				"result": "Artemis!9C033BADE960"
			},
			"Malwarebytes": {
				"method": "blacklist",
				"engine_name": "Malwarebytes",
				"engine_version": "4.5.5.54",
				"engine_update": "20250508",
				"category": "malicious",
				"result": "Adware.BrowserAssistant"
			},
			"Zillya": {
				"method": "blacklist",
				"engine_name": "Zillya",
				"engine_version": "2.0.0.5355",
				"engine_update": "20250507",
				"category": "malicious",
				"result": "Downloader.Banload.Win32.103708"
			},
			"Sangfor": {
				"method": "blacklist",
				"engine_name": "Sangfor",
				"engine_version": "2.22.3.0",
				"engine_update": "20250506",
				"category": "undetected",
				"result": null
			},
			"K7AntiVirus": {
				"method": "blacklist",
				"engine_name": "K7AntiVirus",
				"engine_version": "12.234.55683",
				"engine_update": "20250508",
				"category": "malicious",
				"result": "Adware ( 005693e61 )"
			},
			"Alibaba": {
				"method": "blacklist",
				"engine_name": "Alibaba",
				"engine_version": "0.3.0.5",
				"engine_update": "20190527",
				"category": "undetected",
				"result": null
			},
			"K7GW": {
				"method": "blacklist",
				"engine_name": "K7GW",
				"engine_version": "12.234.55682",
				"engine_update": "20250508",
				"category": "malicious",
				"result": "Adware ( 005693e61 )"
			},
			"CrowdStrike": {
				"method": "blacklist",
				"engine_name": "CrowdStrike",
				"engine_version": "1.0",
				"engine_update": "20231026",
				"category": "undetected",
				"result": null
			},
			"Baidu": {
				"method": "blacklist",
				"engine_name": "Baidu",
				"engine_version": "1.0.0.2",
				"engine_update": "20190318",
				"category": "undetected",
				"result": null
			},
			"VirIT": {
				"method": "blacklist",
				"engine_name": "VirIT",
				"engine_version": "9.5.949",
				"engine_update": "20250507",
				"category": "undetected",
				"result": null
			},
			"Symantec": {
				"method": "blacklist",
				"engine_name": "Symantec",
				"engine_version": "1.22.0.0",
				"engine_update": "20250508",
				"category": "undetected",
				"result": null
			},
			"tehtris": {
				"method": "blacklist",
				"engine_name": "tehtris",
				"engine_version": "v0.1.4",
				"engine_update": "20250508",
				"category": "undetected",
				"result": null
			},
			"ESET-NOD32": {
				"method": "blacklist",
				"engine_name": "ESET-NOD32",
				"engine_version": "31162",
				"engine_update": "20250508",
				"category": "malicious",
				"result": "a variant of Win64/Adware.BrowserAssistant.K"
			},
			"Cynet": {
				"method": "blacklist",
				"engine_name": "Cynet",
				"engine_version": "4.0.3.4",
				"engine_update": "20250508",
				"category": "malicious",
				"result": "Malicious (score: 99)"
			},
			"APEX": {
				"method": "blacklist",
				"engine_name": "APEX",
				"engine_version": "6.652",
				"engine_update": "20250507",
				"category": "undetected",
				"result": null
			},
			"Paloalto": {
				"method": "blacklist",
				"engine_name": "Paloalto",
				"engine_version": "0.9.0.1003",
				"engine_update": "20250508",
				"category": "undetected",
				"result": null
			},
			"ClamAV": {
				"method": "blacklist",
				"engine_name": "ClamAV",
				"engine_version": "1.4.2.0",
				"engine_update": "20250506",
				"category": "undetected",
				"result": null
			},
			"Kaspersky": {
				"method": "blacklist",
				"engine_name": "Kaspersky",
				"engine_version": "22.0.1.28",
				"engine_update": "20250508",
				"category": "undetected",
				"result": null
			},
			"BitDefender": {
				"method": "blacklist",
				"engine_name": "BitDefender",
				"engine_version": "7.2",
				"engine_update": "20250508",
				"category": "undetected",
				"result": null
			},
			"NANO-Antivirus": {
				"method": "blacklist",
				"engine_name": "NANO-Antivirus",
				"engine_version": "1.0.170.26531",
				"engine_update": "20250507",
				"category": "undetected",
				"result": null
			},
			"SUPERAntiSpyware": {
				"method": "blacklist",
				"engine_name": "SUPERAntiSpyware",
				"engine_version": "5.6.0.1032",
				"engine_update": "20250507",
				"category": "undetected",
				"result": null
			},
			"Avast": {
				"method": "blacklist",
				"engine_name": "Avast",
				"engine_version": "23.9.8494.0",
				"engine_update": "20250508",
				"category": "malicious",
				"result": "FileRepMalware [Misc]"
			},
			"Tencent": {
				"method": "blacklist",
				"engine_name": "Tencent",
				"engine_version": "1.0.0.1",
				"engine_update": "20250508",
				"category": "undetected",
				"result": null
			},
			"Emsisoft": {
				"method": "blacklist",
				"engine_name": "Emsisoft",
				"engine_version": "2024.8.0.61147",
				"engine_update": "20250508",
				"category": "undetected",
				"result": null
			},
			"F-Secure": {
				"method": "blacklist",
				"engine_name": "F-Secure",
				"engine_version": "18.10.1547.307",
				"engine_update": "20250508",
				"category": "malicious",
				"result": "Adware.ADWARE/Redcap.xusbz"
			},
			"DrWeb": {
				"method": "blacklist",
				"engine_name": "DrWeb",
				"engine_version": "7.0.67.2170",
				"engine_update": "20250508",
				"category": "malicious",
				"result": "Adware.BrowserAssistant.2"
			},
			"VIPRE": {
				"method": "blacklist",
				"engine_name": "VIPRE",
				"engine_version": "6.0.0.35",
				"engine_update": "20250507",
				"category": "undetected",
				"result": null
			},
			"TrendMicro": {
				"method": "blacklist",
				"engine_name": "TrendMicro",
				"engine_version": "24.550.0.1002",
				"engine_update": "20250508",
				"category": "undetected",
				"result": null
			},
			"McAfeeD": {
				"method": "blacklist",
				"engine_name": "McAfeeD",
				"engine_version": "1.2.0.7977",
				"engine_update": "20250508",
				"category": "malicious",
				"result": "ti!79F32EEB2B36"
			},
			"SentinelOne": {
				"method": "blacklist",
				"engine_name": "SentinelOne",
				"engine_version": "25.1.1.1",
				"engine_update": "20250114",
				"category": "undetected",
				"result": null
			},
			"Trapmine": {
				"method": "blacklist",
				"engine_name": "Trapmine",
				"engine_version": "4.0.4.0",
				"engine_update": "20250417",
				"category": "undetected",
				"result": null
			},
			"CMC": {
				"method": "blacklist",
				"engine_name": "CMC",
				"engine_version": "2.4.2022.1",
				"engine_update": "20250508",
				"category": "undetected",
				"result": null
			},
			"Sophos": {
				"method": "blacklist",
				"engine_name": "Sophos",
				"engine_version": "3.0.3.0",
				"engine_update": "20250508",
				"category": "malicious",
				"result": "Generic Reputation PUA (PUA)"
			},
			"Ikarus": {
				"method": "blacklist",
				"engine_name": "Ikarus",
				"engine_version": "6.3.30.0",
				"engine_update": "20250507",
				"category": "malicious",
				"result": "PUA.BrowserAssistant"
			},
			"GData": {
				"method": "blacklist",
				"engine_name": "GData",
				"engine_version": "GD:27.40247AVA:64.29159",
				"engine_update": "20250508",
				"category": "malicious",
				"result": "Win32.Application.Agent.1KAF80"
			},
			"Jiangmin": {
				"method": "blacklist",
				"engine_name": "Jiangmin",
				"engine_version": "16.0.100",
				"engine_update": "20250507",
				"category": "undetected",
				"result": null
			},
			"Webroot": {
				"method": "blacklist",
				"engine_name": "Webroot",
				"engine_version": "1.9.0.8",
				"engine_update": "20250227",
				"category": "malicious",
				"result": "Win.Malware.Gen"
			},
			"Varist": {
				"method": "blacklist",
				"engine_name": "Varist",
				"engine_version": "6.6.1.3",
				"engine_update": "20250508",
				"category": "undetected",
				"result": null
			},
			"Avira": {
				"method": "blacklist",
				"engine_name": "Avira",
				"engine_version": "8.3.3.20",
				"engine_update": "20250508",
				"category": "malicious",
				"result": "ADWARE/Redcap.xusbz"
			},
			"Antiy-AVL": {
				"method": "blacklist",
				"engine_name": "Antiy-AVL",
				"engine_version": "3.0",
				"engine_update": "20250508",
				"category": "undetected",
				"result": null
			},
			"Kingsoft": {
				"method": "blacklist",
				"engine_name": "Kingsoft",
				"engine_version": "None",
				"engine_update": "20250507",
				"category": "undetected",
				"result": null
			},
			"Gridinsoft": {
				"method": "blacklist",
				"engine_name": "Gridinsoft",
				"engine_version": "1.0.216.174",
				"engine_update": "20250508",
				"category": "undetected",
				"result": null
			},
			"Xcitium": {
				"method": "blacklist",
				"engine_name": "Xcitium",
				"engine_version": "37710",
				"engine_update": "20250507",
				"category": "malicious",
				"result": "ApplicUnwnt@#3tdayhzx3b6of"
			},
			"Arcabit": {
				"method": "blacklist",
				"engine_name": "Arcabit",
				"engine_version": "2022.0.0.18",
				"engine_update": "20250508",
				"category": "undetected",
				"result": null
			},
			"ViRobot": {
				"method": "blacklist",
				"engine_name": "ViRobot",
				"engine_version": "2014.3.20.0",
				"engine_update": "20250508",
				"category": "undetected",
				"result": null
			},
			"ZoneAlarm": {
				"method": "blacklist",
				"engine_name": "ZoneAlarm",
				"engine_version": "6.15-102623266",
				"engine_update": "20250508",
				"category": "undetected",
				"result": null
			},
			"Microsoft": {
				"method": "blacklist",
				"engine_name": "Microsoft",
				"engine_version": "1.1.25030.1",
				"engine_update": "20250508",
				"category": "malicious",
				"result": "Trojan:Win32/Wacatac.A!ml"
			},
			"Google": {
				"method": "blacklist",
				"engine_name": "Google",
				"engine_version": "1746682235",
				"engine_update": "20250508",
				"category": "undetected",
				"result": null
			},
			"AhnLab-V3": {
				"method": "blacklist",
				"engine_name": "AhnLab-V3",
				"engine_version": "3.27.2.10550",
				"engine_update": "20250508",
				"category": "undetected",
				"result": null
			},
			"Acronis": {
				"method": "blacklist",
				"engine_name": "Acronis",
				"engine_version": "1.2.0.121",
				"engine_update": "20240328",
				"category": "undetected",
				"result": null
			},
			"VBA32": {
				"method": "blacklist",
				"engine_name": "VBA32",
				"engine_version": "5.3.2",
				"engine_update": "20250507",
				"category": "undetected",
				"result": null
			},
			"ALYac": {
				"method": "blacklist",
				"engine_name": "ALYac",
				"engine_version": "2.0.0.10",
				"engine_update": "20250508",
				"category": "undetected",
				"result": null
			},
			"TACHYON": {
				"method": "blacklist",
				"engine_name": "TACHYON",
				"engine_version": "2025-05-08.01",
				"engine_update": "20250508",
				"category": "undetected",
				"result": null
			},
			"Cylance": {
				"method": "blacklist",
				"engine_name": "Cylance",
				"engine_version": "3.0.0.0",
				"engine_update": "20250424",
				"category": "malicious",
				"result": "Unsafe"
			},
			"Panda": {
				"method": "blacklist",
				"engine_name": "Panda",
				"engine_version": "4.6.4.2",
				"engine_update": "20250507",
				"category": "undetected",
				"result": null
			},
			"TrendMicro-HouseCall": {
				"method": "blacklist",
				"engine_name": "TrendMicro-HouseCall",
				"engine_version": "24.550.0.1002",
				"engine_update": "20250508",
				"category": "undetected",
				"result": null
			},
			"Rising": {
				"method": "blacklist",
				"engine_name": "Rising",
				"engine_version": "25.0.0.28",
				"engine_update": "20250508",
				"category": "malicious",
				"result": "Malware.Undefined!8.C (TFE:5:oWCLZS5UmzD)"
			},
			"Yandex": {
				"method": "blacklist",
				"engine_name": "Yandex",
				"engine_version": "5.5.2.24",
				"engine_update": "20250507",
				"category": "undetected",
				"result": null
			},
			"huorong": {
				"method": "blacklist",
				"engine_name": "huorong",
				"engine_version": "fad55c7:fad55c7:b8c842c:b8c842c",
				"engine_update": "20250507",
				"category": "undetected",
				"result": null
			},
			"MaxSecure": {
				"method": "blacklist",
				"engine_name": "MaxSecure",
				"engine_version": "1.0.0.1",
				"engine_update": "20250507",
				"category": "undetected",
				"result": null
			},
			"Fortinet": {
				"method": "blacklist",
				"engine_name": "Fortinet",
				"engine_version": "7.0.30.0",
				"engine_update": "20250508",
				"category": "malicious",
				"result": "Adware/BrowserAssistant"
			},
			"Zoner": {
				"method": "blacklist",
				"engine_name": "Zoner",
				"engine_version": "2.2.2.0",
				"engine_update": "20250508",
				"category": "undetected",
				"result": null
			},
			"DeepInstinct": {
				"method": "blacklist",
				"engine_name": "DeepInstinct",
				"engine_version": "5.0.0.8",
				"engine_update": "20250506",
				"category": "malicious",
				"result": "MALICIOUS"
			},
			"alibabacloud": {
				"method": "blacklist",
				"engine_name": "alibabacloud",
				"engine_version": "2.2.0",
				"engine_update": "20250321",
				"category": "undetected",
				"result": null
			},
			"Trustlook": {
				"method": "blacklist",
				"engine_name": "Trustlook",
				"engine_version": "1.0",
				"engine_update": "20250508",
				"category": "type-unsupported",
				"result": null
			},
			"SymantecMobileInsight": {
				"method": "blacklist",
				"engine_name": "SymantecMobileInsight",
				"engine_version": "2.0",
				"engine_update": "20250124",
				"category": "type-unsupported",
				"result": null
			},
			"BitDefenderFalx": {
				"method": "blacklist",
				"engine_name": "BitDefenderFalx",
				"engine_version": "2.0.936",
				"engine_update": "20250416",
				"category": "type-unsupported",
				"result": null
			},
			"Avast-Mobile": {
				"method": "blacklist",
				"engine_name": "Avast-Mobile",
				"engine_version": "250507-00",
				"engine_update": "20250507",
				"category": "type-unsupported",
				"result": null
			}
		},
		"stats": {
			"malicious": 25,
			"suspicious": 0,
			"undetected": 47,
			"harmless": 0,
			"timeout": 0,
			"confirmed-timeout": 0,
			"failure": 0,
			"type-unsupported": 4
		}
	},
	"static": {
		"pe": {
			"peid_signatures": [
				"Microsoft Visual C++ 8"
			],
			"pe_imports": [
				{
					"dll": "KERNEL32.dll",
					"imports": [
						{
							"address": "0x66c000",
							"name": "CreateFileW"
						},
						{
							"address": "0x66c004",
							"name": "CloseHandle"
						},
						{
							"address": "0x66c008",
							"name": "WriteFile"
						},
						{
							"address": "0x66c00c",
							"name": "DeleteFileW"
						},
						{
							"address": "0x66c010",
							"name": "HeapDestroy"
						},
						{
							"address": "0x66c014",
							"name": "HeapSize"
						},
						{
							"address": "0x66c018",
							"name": "HeapReAlloc"
						},
						{
							"address": "0x66c01c",
							"name": "HeapFree"
						},
						{
							"address": "0x66c020",
							"name": "HeapAlloc"
						},
						{
							"address": "0x66c024",
							"name": "GetProcessHeap"
						},
						{
							"address": "0x66c028",
							"name": "SizeofResource"
						},
						{
							"address": "0x66c02c",
							"name": "LockResource"
						},
						{
							"address": "0x66c030",
							"name": "LoadResource"
						},
						{
							"address": "0x66c034",
							"name": "FindResourceW"
						},
						{
							"address": "0x66c038",
							"name": "FindResourceExW"
						},
						{
							"address": "0x66c03c",
							"name": "CreateEventExW"
						},
						{
							"address": "0x66c040",
							"name": "WaitForSingleObject"
						},
						{
							"address": "0x66c044",
							"name": "CreateProcessW"
						},
						{
							"address": "0x66c048",
							"name": "GetLastError"
						},
						{
							"address": "0x66c04c",
							"name": "GetExitCodeProcess"
						},
						{
							"address": "0x66c050",
							"name": "SetEvent"
						},
						{
							"address": "0x66c054",
							"name": "RemoveDirectoryW"
						},
						{
							"address": "0x66c058",
							"name": "GetProcAddress"
						},
						{
							"address": "0x66c05c",
							"name": "GetModuleHandleW"
						},
						{
							"address": "0x66c060",
							"name": "GetWindowsDirectoryW"
						},
						{
							"address": "0x66c064",
							"name": "CreateDirectoryW"
						},
						{
							"address": "0x66c068",
							"name": "GetTempPathW"
						},
						{
							"address": "0x66c06c",
							"name": "GetTempFileNameW"
						},
						{
							"address": "0x66c070",
							"name": "MoveFileW"
						},
						{
							"address": "0x66c074",
							"name": "EnterCriticalSection"
						},
						{
							"address": "0x66c078",
							"name": "LeaveCriticalSection"
						},
						{
							"address": "0x66c07c",
							"name": "GetModuleFileNameW"
						},
						{
							"address": "0x66c080",
							"name": "DeleteCriticalSection"
						},
						{
							"address": "0x66c084",
							"name": "InitializeCriticalSectionAndSpinCount"
						},
						{
							"address": "0x66c088",
							"name": "GetCurrentThreadId"
						},
						{
							"address": "0x66c08c",
							"name": "RaiseException"
						},
						{
							"address": "0x66c090",
							"name": "SetLastError"
						},
						{
							"address": "0x66c094",
							"name": "GlobalUnlock"
						},
						{
							"address": "0x66c098",
							"name": "GlobalLock"
						},
						{
							"address": "0x66c09c",
							"name": "GlobalAlloc"
						},
						{
							"address": "0x66c0a0",
							"name": "MulDiv"
						},
						{
							"address": "0x66c0a4",
							"name": "lstrcmpW"
						},
						{
							"address": "0x66c0a8",
							"name": "CreateEventW"
						},
						{
							"address": "0x66c0ac",
							"name": "FindClose"
						},
						{
							"address": "0x66c0b0",
							"name": "FindFirstFileW"
						},
						{
							"address": "0x66c0b4",
							"name": "GetFullPathNameW"
						},
						{
							"address": "0x66c0b8",
							"name": "InitializeCriticalSection"
						},
						{
							"address": "0x66c0bc",
							"name": "lstrcpynW"
						},
						{
							"address": "0x66c0c0",
							"name": "CreateThread"
						},
						{
							"address": "0x66c0c4",
							"name": "LoadLibraryExW"
						},
						{
							"address": "0x66c0c8",
							"name": "GetCurrentProcess"
						},
						{
							"address": "0x66c0cc",
							"name": "Sleep"
						},
						{
							"address": "0x66c0d0",
							"name": "WideCharToMultiByte"
						},
						{
							"address": "0x66c0d4",
							"name": "GetDiskFreeSpaceExW"
						},
						{
							"address": "0x66c0d8",
							"name": "DecodePointer"
						},
						{
							"address": "0x66c0dc",
							"name": "GetExitCodeThread"
						},
						{
							"address": "0x66c0e0",
							"name": "GetCurrentProcessId"
						},
						{
							"address": "0x66c0e4",
							"name": "FreeLibrary"
						},
						{
							"address": "0x66c0e8",
							"name": "GetSystemDirectoryW"
						},
						{
							"address": "0x66c0ec",
							"name": "lstrlenW"
						},
						{
							"address": "0x66c0f0",
							"name": "VerifyVersionInfoW"
						},
						{
							"address": "0x66c0f4",
							"name": "VerSetConditionMask"
						},
						{
							"address": "0x66c0f8",
							"name": "lstrcmpiW"
						},
						{
							"address": "0x66c0fc",
							"name": "LoadLibraryW"
						},
						{
							"address": "0x66c100",
							"name": "GetDriveTypeW"
						},
						{
							"address": "0x66c104",
							"name": "CompareStringW"
						},
						{
							"address": "0x66c108",
							"name": "FindNextFileW"
						},
						{
							"address": "0x66c10c",
							"name": "GetLogicalDriveStringsW"
						},
						{
							"address": "0x66c110",
							"name": "GetFileSize"
						},
						{
							"address": "0x66c114",
							"name": "GetFileAttributesW"
						},
						{
							"address": "0x66c118",
							"name": "GetShortPathNameW"
						},
						{
							"address": "0x66c11c",
							"name": "GetFinalPathNameByHandleW"
						},
						{
							"address": "0x66c120",
							"name": "SetFileAttributesW"
						},
						{
							"address": "0x66c124",
							"name": "GetFileTime"
						},
						{
							"address": "0x66c128",
							"name": "CopyFileW"
						},
						{
							"address": "0x66c12c",
							"name": "ReadFile"
						},
						{
							"address": "0x66c130",
							"name": "SetFilePointer"
						},
						{
							"address": "0x66c134",
							"name": "SetFileTime"
						},
						{
							"address": "0x66c138",
							"name": "SystemTimeToFileTime"
						},
						{
							"address": "0x66c13c",
							"name": "MultiByteToWideChar"
						},
						{
							"address": "0x66c140",
							"name": "GetSystemInfo"
						},
						{
							"address": "0x66c144",
							"name": "WaitForMultipleObjects"
						},
						{
							"address": "0x66c148",
							"name": "GetVersionExW"
						},
						{
							"address": "0x66c14c",
							"name": "VirtualProtect"
						},
						{
							"address": "0x66c150",
							"name": "VirtualQuery"
						},
						{
							"address": "0x66c154",
							"name": "LoadLibraryExA"
						},
						{
							"address": "0x66c158",
							"name": "GetStringTypeW"
						},
						{
							"address": "0x66c15c",
							"name": "LocalFree"
						},
						{
							"address": "0x66c160",
							"name": "LocalAlloc"
						},
						{
							"address": "0x66c164",
							"name": "SetUnhandledExceptionFilter"
						},
						{
							"address": "0x66c168",
							"name": "FileTimeToSystemTime"
						},
						{
							"address": "0x66c16c",
							"name": "GetEnvironmentVariableW"
						},
						{
							"address": "0x66c170",
							"name": "GetSystemTime"
						},
						{
							"address": "0x66c174",
							"name": "GetDateFormatW"
						},
						{
							"address": "0x66c178",
							"name": "GetTimeFormatW"
						},
						{
							"address": "0x66c17c",
							"name": "GetLocaleInfoW"
						},
						{
							"address": "0x66c180",
							"name": "CreateToolhelp32Snapshot"
						},
						{
							"address": "0x66c184",
							"name": "Process32FirstW"
						},
						{
							"address": "0x66c188",
							"name": "Process32NextW"
						},
						{
							"address": "0x66c18c",
							"name": "FormatMessageW"
						},
						{
							"address": "0x66c190",
							"name": "GetEnvironmentStringsW"
						},
						{
							"address": "0x66c194",
							"name": "InitializeCriticalSectionEx"
						},
						{
							"address": "0x66c198",
							"name": "LoadLibraryA"
						},
						{
							"address": "0x66c19c",
							"name": "GetModuleFileNameA"
						},
						{
							"address": "0x66c1a0",
							"name": "GetCurrentThread"
						},
						{
							"address": "0x66c1a4",
							"name": "GetConsoleOutputCP"
						},
						{
							"address": "0x66c1a8",
							"name": "FlushFileBuffers"
						},
						{
							"address": "0x66c1ac",
							"name": "Wow64DisableWow64FsRedirection"
						},
						{
							"address": "0x66c1b0",
							"name": "Wow64RevertWow64FsRedirection"
						},
						{
							"address": "0x66c1b4",
							"name": "IsWow64Process"
						},
						{
							"address": "0x66c1b8",
							"name": "SetConsoleTextAttribute"
						},
						{
							"address": "0x66c1bc",
							"name": "GetStdHandle"
						},
						{
							"address": "0x66c1c0",
							"name": "GetConsoleScreenBufferInfo"
						},
						{
							"address": "0x66c1c4",
							"name": "OutputDebugStringW"
						},
						{
							"address": "0x66c1c8",
							"name": "GetTickCount"
						},
						{
							"address": "0x66c1cc",
							"name": "GetCommandLineW"
						},
						{
							"address": "0x66c1d0",
							"name": "SetCurrentDirectoryW"
						},
						{
							"address": "0x66c1d4",
							"name": "SetEndOfFile"
						},
						{
							"address": "0x66c1d8",
							"name": "EnumResourceLanguagesW"
						},
						{
							"address": "0x66c1dc",
							"name": "GetSystemDefaultLangID"
						},
						{
							"address": "0x66c1e0",
							"name": "GetUserDefaultLangID"
						},
						{
							"address": "0x66c1e4",
							"name": "GetLocalTime"
						},
						{
							"address": "0x66c1e8",
							"name": "ResetEvent"
						},
						{
							"address": "0x66c1ec",
							"name": "GlobalFree"
						},
						{
							"address": "0x66c1f0",
							"name": "GetPrivateProfileStringW"
						},
						{
							"address": "0x66c1f4",
							"name": "GetPrivateProfileSectionNamesW"
						},
						{
							"address": "0x66c1f8",
							"name": "WritePrivateProfileStringW"
						},
						{
							"address": "0x66c1fc",
							"name": "CreateNamedPipeW"
						},
						{
							"address": "0x66c200",
							"name": "ConnectNamedPipe"
						},
						{
							"address": "0x66c204",
							"name": "TerminateThread"
						},
						{
							"address": "0x66c208",
							"name": "CompareFileTime"
						},
						{
							"address": "0x66c20c",
							"name": "CopyFileExW"
						},
						{
							"address": "0x66c210",
							"name": "OpenEventW"
						},
						{
							"address": "0x66c214",
							"name": "PeekNamedPipe"
						},
						{
							"address": "0x66c218",
							"name": "WaitForSingleObjectEx"
						},
						{
							"address": "0x66c21c",
							"name": "QueryPerformanceCounter"
						},
						{
							"address": "0x66c220",
							"name": "QueryPerformanceFrequency"
						},
						{
							"address": "0x66c224",
							"name": "EncodePointer"
						},
						{
							"address": "0x66c228",
							"name": "LCMapStringEx"
						},
						{
							"address": "0x66c22c",
							"name": "CompareStringEx"
						},
						{
							"address": "0x66c230",
							"name": "GetCPInfo"
						},
						{
							"address": "0x66c234",
							"name": "GetSystemTimeAsFileTime"
						},
						{
							"address": "0x66c238",
							"name": "IsDebuggerPresent"
						},
						{
							"address": "0x66c23c",
							"name": "InitializeSListHead"
						},
						{
							"address": "0x66c240",
							"name": "InterlockedPopEntrySList"
						},
						{
							"address": "0x66c244",
							"name": "InterlockedPushEntrySList"
						},
						{
							"address": "0x66c248",
							"name": "FlushInstructionCache"
						},
						{
							"address": "0x66c24c",
							"name": "IsProcessorFeaturePresent"
						},
						{
							"address": "0x66c250",
							"name": "VirtualAlloc"
						},
						{
							"address": "0x66c254",
							"name": "VirtualFree"
						},
						{
							"address": "0x66c258",
							"name": "UnhandledExceptionFilter"
						},
						{
							"address": "0x66c25c",
							"name": "TerminateProcess"
						},
						{
							"address": "0x66c260",
							"name": "GetStartupInfoW"
						},
						{
							"address": "0x66c264",
							"name": "RtlUnwind"
						},
						{
							"address": "0x66c268",
							"name": "TlsAlloc"
						},
						{
							"address": "0x66c26c",
							"name": "TlsGetValue"
						},
						{
							"address": "0x66c270",
							"name": "TlsSetValue"
						},
						{
							"address": "0x66c274",
							"name": "TlsFree"
						},
						{
							"address": "0x66c278",
							"name": "ExitThread"
						},
						{
							"address": "0x66c27c",
							"name": "FreeLibraryAndExitThread"
						},
						{
							"address": "0x66c280",
							"name": "GetModuleHandleExW"
						},
						{
							"address": "0x66c284",
							"name": "ExitProcess"
						},
						{
							"address": "0x66c288",
							"name": "GetFileType"
						},
						{
							"address": "0x66c28c",
							"name": "LCMapStringW"
						},
						{
							"address": "0x66c290",
							"name": "IsValidLocale"
						},
						{
							"address": "0x66c294",
							"name": "GetUserDefaultLCID"
						},
						{
							"address": "0x66c298",
							"name": "EnumSystemLocalesW"
						},
						{
							"address": "0x66c29c",
							"name": "GetTimeZoneInformation"
						},
						{
							"address": "0x66c2a0",
							"name": "GetConsoleMode"
						},
						{
							"address": "0x66c2a4",
							"name": "GetFileSizeEx"
						},
						{
							"address": "0x66c2a8",
							"name": "SetFilePointerEx"
						},
						{
							"address": "0x66c2ac",
							"name": "FindFirstFileExW"
						},
						{
							"address": "0x66c2b0",
							"name": "IsValidCodePage"
						},
						{
							"address": "0x66c2b4",
							"name": "GetACP"
						},
						{
							"address": "0x66c2b8",
							"name": "GetOEMCP"
						},
						{
							"address": "0x66c2bc",
							"name": "GetCommandLineA"
						},
						{
							"address": "0x66c2c0",
							"name": "FreeEnvironmentStringsW"
						},
						{
							"address": "0x66c2c4",
							"name": "SetEnvironmentVariableW"
						},
						{
							"address": "0x66c2c8",
							"name": "SetStdHandle"
						},
						{
							"address": "0x66c2cc",
							"name": "ReadConsoleW"
						},
						{
							"address": "0x66c2d0",
							"name": "WriteConsoleW"
						},
						{
							"address": "0x66c2d4",
							"name": "GetProcessAffinityMask"
						},
						{
							"address": "0x66c2d8",
							"name": "GetModuleHandleA"
						},
						{
							"address": "0x66c2dc",
							"name": "GlobalMemoryStatus"
						},
						{
							"address": "0x66c2e0",
							"name": "ReleaseSemaphore"
						},
						{
							"address": "0x66c2e4",
							"name": "CreateSemaphoreW"
						}
					]
				}
			],
			"pe_exports": [],
			"pe_sections": [
				{
					"name": ".text",
					"virtual_address": "0x00001000",
					"virtual_size": "0x0026acb6",
					"size_of_data": "0x0026ae00",
					"entropy": 6.452913453023351
				},
				{
					"name": ".rdata",
					"virtual_address": "0x0026c000",
					"virtual_size": "0x0008f55a",
					"size_of_data": "0x0008f600",
					"entropy": 4.603339802241448
				},
				{
					"name": ".data",
					"virtual_address": "0x002fc000",
					"virtual_size": "0x0000d240",
					"size_of_data": "0x00003c00",
					"entropy": 4.76705018766048
				},
				{
					"name": ".rsrc",
					"virtual_address": "0x0030a000",
					"virtual_size": "0x0002f910",
					"size_of_data": "0x0002fa00",
					"entropy": 5.278332027955881
				},
				{
					"name": ".reloc",
					"virtual_address": "0x0033a000",
					"virtual_size": "0x00028bf0",
					"size_of_data": "0x00028c00",
					"entropy": 6.513387981257797
				}
			],
			"pe_resources": [
				{
					"name": "RT_BITMAP",
					"offset": "0x0030a8e0",
					"size": "0x0000013e",
					"filetype": "Device independent bitmap graphic, 32 x 16 x 4, image size 258, resolution 2834 x 2834 px/m, 5 important colors",
					"language": "LANG_ENGLISH",
					"sublanguage": "SUBLANG_ENGLISH_US"
				},
				{
					"name": "RT_BITMAP",
					"offset": "0x0030aa20",
					"size": "0x00000828",
					"filetype": "Device independent bitmap graphic, 32 x 16 x 32, image size 0",
					"language": "LANG_ENGLISH",
					"sublanguage": "SUBLANG_ENGLISH_US"
				},
				{
					"name": "RT_BITMAP",
					"offset": "0x0030b248",
					"size": "0x000048a8",
					"filetype": "Device independent bitmap graphic, 290 x 16 x 32, image size 0",
					"language": "LANG_ENGLISH",
					"sublanguage": "SUBLANG_ENGLISH_US"
				},
				{
					"name": "RT_BITMAP",
					"offset": "0x0030faf0",
					"size": "0x00000a6a",
					"filetype": "Device independent bitmap graphic, 320 x 16 x 4, image size 2562, resolution 2834 x 2834 px/m",
					"language": "LANG_ENGLISH",
					"sublanguage": "SUBLANG_ENGLISH_US"
				},
				{
					"name": "RT_BITMAP",
					"offset": "0x0031055c",
					"size": "0x00000152",
					"filetype": "Device independent bitmap graphic, 32 x 16 x 4, image size 258, resolution 2834 x 2834 px/m, 10 important colors",
					"language": "LANG_ENGLISH",
					"sublanguage": "SUBLANG_ENGLISH_US"
				},
				{
					"name": "RT_BITMAP",
					"offset": "0x003106b0",
					"size": "0x00000828",
					"filetype": "Device independent bitmap graphic, 32 x 16 x 32, image size 0",
					"language": "LANG_ENGLISH",
					"sublanguage": "SUBLANG_ENGLISH_US"
				},
				{
					"name": "RT_ICON",
					"offset": "0x00310ed8",
					"size": "0x00004428",
					"filetype": "Device independent bitmap graphic, 65 x 128 x 32, image size 16640, resolution 2834 x 2834 px/m",
					"language": "LANG_ENGLISH",
					"sublanguage": "SUBLANG_ENGLISH_US"
				},
				{
					"name": "RT_ICON",
					"offset": "0x00315300",
					"size": "0x000025a8",
					"filetype": "Device independent bitmap graphic, 48 x 96 x 32, image size 9600",
					"language": "LANG_ENGLISH",
					"sublanguage": "SUBLANG_ENGLISH_US"
				},
				{
					"name": "RT_ICON",
					"offset": "0x003178a8",
					"size": "0x000010a8",
					"filetype": "Device independent bitmap graphic, 32 x 64 x 32, image size 4224",
					"language": "LANG_ENGLISH",
					"sublanguage": "SUBLANG_ENGLISH_US"
				},
				{
					"name": "RT_ICON",
					"offset": "0x00318950",
					"size": "0x00000988",
					"filetype": "Device independent bitmap graphic, 24 x 48 x 32, image size 2400",
					"language": "LANG_ENGLISH",
					"sublanguage": "SUBLANG_ENGLISH_US"
				},
				{
					"name": "RT_ICON",
					"offset": "0x003192d8",
					"size": "0x00000468",
					"filetype": "Device independent bitmap graphic, 16 x 32 x 32, image size 1088",
					"language": "LANG_ENGLISH",
					"sublanguage": "SUBLANG_ENGLISH_US"
				},
				{
					"name": "RT_DIALOG",
					"offset": "0x00319740",
					"size": "0x000000ac",
					"filetype": "data",
					"language": "LANG_ENGLISH",
					"sublanguage": "SUBLANG_ENGLISH_US"
				},
				{
					"name": "RT_DIALOG",
					"offset": "0x003197ec",
					"size": "0x000000cc",
					"filetype": "data",
					"language": "LANG_ENGLISH",
					"sublanguage": "SUBLANG_ENGLISH_US"
				},
				{
					"name": "RT_DIALOG",
					"offset": "0x003198b8",
					"size": "0x000001b4",
					"filetype": "data",
					"language": "LANG_ENGLISH",
					"sublanguage": "SUBLANG_ENGLISH_US"
				},
				{
					"name": "RT_DIALOG",
					"offset": "0x00319a6c",
					"size": "0x00000136",
					"filetype": "data",
					"language": "LANG_ENGLISH",
					"sublanguage": "SUBLANG_ENGLISH_US"
				},
				{
					"name": "RT_DIALOG",
					"offset": "0x00319ba4",
					"size": "0x0000004c",
					"filetype": "data",
					"language": "LANG_ENGLISH",
					"sublanguage": "SUBLANG_ENGLISH_US"
				},
				{
					"name": "RT_STRING",
					"offset": "0x00319bf0",
					"size": "0x00000234",
					"filetype": "data",
					"language": "LANG_ENGLISH",
					"sublanguage": "SUBLANG_ENGLISH_US"
				},
				{
					"name": "RT_STRING",
					"offset": "0x00319e24",
					"size": "0x00000182",
					"filetype": "data",
					"language": "LANG_ENGLISH",
					"sublanguage": "SUBLANG_ENGLISH_US"
				},
				{
					"name": "RT_STRING",
					"offset": "0x00319fa8",
					"size": "0x00000050",
					"filetype": "data",
					"language": "LANG_ENGLISH",
					"sublanguage": "SUBLANG_ENGLISH_US"
				},
				{
					"name": "RT_STRING",
					"offset": "0x00319ff8",
					"size": "0x0000009a",
					"filetype": "data",
					"language": "LANG_ENGLISH",
					"sublanguage": "SUBLANG_ENGLISH_US"
				},
				{
					"name": "RT_STRING",
					"offset": "0x0031a094",
					"size": "0x000002f6",
					"filetype": "data",
					"language": "LANG_ENGLISH",
					"sublanguage": "SUBLANG_ENGLISH_US"
				},
				{
					"name": "RT_STRING",
					"offset": "0x0031a38c",
					"size": "0x000005c0",
					"filetype": "data",
					"language": "LANG_ENGLISH",
					"sublanguage": "SUBLANG_ENGLISH_US"
				},
				{
					"name": "RT_STRING",
					"offset": "0x0031a94c",
					"size": "0x00000434",
					"filetype": "data",
					"language": "LANG_ENGLISH",
					"sublanguage": "SUBLANG_ENGLISH_US"
				},
				{
					"name": "RT_STRING",
					"offset": "0x0031ad80",
					"size": "0x00000100",
					"filetype": "data",
					"language": "LANG_ENGLISH",
					"sublanguage": "SUBLANG_ENGLISH_US"
				},
				{
					"name": "RT_STRING",
					"offset": "0x0031ae80",
					"size": "0x00000484",
					"filetype": "data",
					"language": "LANG_ENGLISH",
					"sublanguage": "SUBLANG_ENGLISH_US"
				},
				{
					"name": "RT_STRING",
					"offset": "0x0031b304",
					"size": "0x000001ea",
					"filetype": "data",
					"language": "LANG_ENGLISH",
					"sublanguage": "SUBLANG_ENGLISH_US"
				},
				{
					"name": "RT_STRING",
					"offset": "0x0031b4f0",
					"size": "0x0000018a",
					"filetype": "data",
					"language": "LANG_ENGLISH",
					"sublanguage": "SUBLANG_ENGLISH_US"
				},
				{
					"name": "RT_STRING",
					"offset": "0x0031b67c",
					"size": "0x00000216",
					"filetype": "Matlab v4 mat-file (little endian) n, numeric, rows 0, columns 0",
					"language": "LANG_ENGLISH",
					"sublanguage": "SUBLANG_ENGLISH_US"
				},
				{
					"name": "RT_STRING",
					"offset": "0x0031b894",
					"size": "0x00000624",
					"filetype": "data",
					"language": "LANG_ENGLISH",
					"sublanguage": "SUBLANG_ENGLISH_US"
				},
				{
					"name": "RT_STRING",
					"offset": "0x0031beb8",
					"size": "0x00000660",
					"filetype": "data",
					"language": "LANG_ENGLISH",
					"sublanguage": "SUBLANG_ENGLISH_US"
				},
				{
					"name": "RT_STRING",
					"offset": "0x0031c518",
					"size": "0x000002e2",
					"filetype": "data",
					"language": "LANG_ENGLISH",
					"sublanguage": "SUBLANG_ENGLISH_US"
				},
				{
					"name": "RT_GROUP_ICON",
					"offset": "0x0031c7fc",
					"size": "0x00000014",
					"filetype": "data",
					"language": "LANG_ENGLISH",
					"sublanguage": "SUBLANG_ENGLISH_US"
				},
				{
					"name": "RT_VERSION",
					"offset": "0x0031c810",
					"size": "0x000002c4",
					"filetype": "data",
					"language": "LANG_ENGLISH",
					"sublanguage": "SUBLANG_ENGLISH_US"
				},
				{
					"name": "RT_HTML",
					"offset": "0x0031cad4",
					"size": "0x00003835",
					"filetype": "ASCII text, with very long lines (443), with CRLF line terminators",
					"language": "LANG_ENGLISH",
					"sublanguage": "SUBLANG_ENGLISH_US"
				},
				{
					"name": "RT_HTML",
					"offset": "0x0032030c",
					"size": "0x00001316",
					"filetype": "ASCII text, with CRLF line terminators",
					"language": "LANG_ENGLISH",
					"sublanguage": "SUBLANG_ENGLISH_US"
				},
				{
					"name": "RT_HTML",
					"offset": "0x00321624",
					"size": "0x00008c77",
					"filetype": "HTML document, ASCII text, with CRLF line terminators",
					"language": "LANG_ENGLISH",
					"sublanguage": "SUBLANG_ENGLISH_US"
				},
				{
					"name": "RT_HTML",
					"offset": "0x0032a29c",
					"size": "0x00006acd",
					"filetype": "HTML document, ASCII text, with CRLF line terminators",
					"language": "LANG_ENGLISH",
					"sublanguage": "SUBLANG_ENGLISH_US"
				},
				{
					"name": "RT_HTML",
					"offset": "0x00330d6c",
					"size": "0x000006a2",
					"filetype": "HTML document, ASCII text, with CRLF line terminators",
					"language": "LANG_ENGLISH",
					"sublanguage": "SUBLANG_ENGLISH_US"
				},
				{
					"name": "RT_HTML",
					"offset": "0x00331410",
					"size": "0x0000104a",
					"filetype": "HTML document, ASCII text, with CRLF line terminators",
					"language": "LANG_ENGLISH",
					"sublanguage": "SUBLANG_ENGLISH_US"
				},
				{
					"name": "RT_HTML",
					"offset": "0x0033245c",
					"size": "0x000015b1",
					"filetype": "HTML document, ASCII text, with CRLF line terminators",
					"language": "LANG_ENGLISH",
					"sublanguage": "SUBLANG_ENGLISH_US"
				},
				{
					"name": "RT_HTML",
					"offset": "0x00333a10",
					"size": "0x0000205c",
					"filetype": "exported SGML document, ASCII text, with very long lines (659), with CRLF line terminators",
					"language": "LANG_ENGLISH",
					"sublanguage": "SUBLANG_ENGLISH_US"
				},
				{
					"name": "RT_HTML",
					"offset": "0x00335a6c",
					"size": "0x0000368d",
					"filetype": "HTML document, ASCII text, with CRLF line terminators",
					"language": "LANG_ENGLISH",
					"sublanguage": "SUBLANG_ENGLISH_US"
				},
				{
					"name": "RT_MANIFEST",
					"offset": "0x003390fc",
					"size": "0x00000813",
					"filetype": "XML 1.0 document, ASCII text, with CRLF line terminators",
					"language": "LANG_ENGLISH",
					"sublanguage": "SUBLANG_ENGLISH_US"
				}
			],
			"pe_versioninfo": [
				{
					"name": "CompanyName",
					"value": "PDFMaker"
				},
				{
					"name": "FileDescription",
					"value": "PDFMaker Installer"
				},
				{
					"name": "FileVersion",
					"value": "1.0.0"
				},
				{
					"name": "InternalName",
					"value": "PDFMaker"
				},
				{
					"name": "LegalCopyright",
					"value": "Copyright (C) 2025 PDFMaker"
				},
				{
					"name": "OriginalFileName",
					"value": "PDFMaker.exe"
				},
				{
					"name": "ProductName",
					"value": "PDFMaker"
				},
				{
					"name": "ProductVersion",
					"value": "1.0.0"
				},
				{
					"name": "Translation",
					"value": "0x0409 0x04b0"
				}
			],
			"pe_imphash": "21314122cd4542a6b9b297f52a87acbe",
			"pe_timestamp": "2023-08-08T14:49:22",
			"signatures": [
				{
					"md5": "e6eb41ad6404317af8a18b64f98c2bcf",
					"sha1": "c10bb76ad4ee815242406a1e3e1117ffec743d4f",
					"sha256": "cd0e144dd10bac221fe2fb901058d16450a0578b3c47c770908f2e9ada28ef12",
					"sha512": "43135378751b208498f7f041bdfb431fe22bf52c842c36dc687c878c192a8969c41d37faef142de3048bc8bb89b2691e8984f94efb9611a6e9b71ef4213d7a9e",
					"serial_number": "159159760011286741492753271723304908269",
					"subject": {
						"countryName": "BE",
						"organizationName": "GlobalSign nv-sa",
						"commonName": "GlobalSign GCC R45 EV CodeSigning CA 2020"
					},
					"issuer": {
						"countryName": "BE",
						"organizationName": "GlobalSign nv-sa",
						"commonName": "GlobalSign Code Signing Root R45"
					},
					"extensions": {
						"keyUsage": {
							"digital_signature": true,
							"content_commitment": false,
							"key_encipherment": false,
							"data_encipherment": false,
							"key_agreement": false,
							"key_cert_sign": true,
							"crl_sign": true
						},
						"extendedKeyUsage": [
							"codeSigning"
						],
						"subjectKeyIdentifier": "JZ3Q/FkJhmPF7POxEztXHAOSNhE=",
						"authorityKeyIdentifier": "HwC/RoAK/Hg5t6W0Q9lWULvOljs=",
						"authorityInfoAccess": {
							"OCSP": "http://ocsp.globalsign.com/codesigningrootr45",
							"caIssuers": "http://secure.globalsign.com/cacert/codesigningrootr45.crt"
						},
						"cRLDistributionPoints": [
							"http://crl.globalsign.com/codesigningrootr45.crl"
						],
						"certificatePolicies": {
							"1.3.6.1.4.1.4146.1.2": [
								"https://www.globalsign.com/repository/"
							]
						}
					}
				},
				{
					"md5": "e1cedee7a6140d580f53113a521149a8",
					"sha1": "ca5651052bb8b7ac482fff6a9b89f0eda48e3947",
					"sha256": "cdce403e17560e090f2440bd4e4ec7679890efaba298987272e5dcfde862f65d",
					"sha512": "67c51f9b46e6a32772c97cb7c8b7c6a0efea89b3afda6468a47305818e5b5d7f30ebdcf3f93fc222d02040864987b33180222ac9ce7381f9f1d248adf4b497a0",
					"serial_number": "6945502415357235672786747439",
					"subject": {
						"businessCategory": "Private Organization",
						"serialNumber": "0146772",
						"jurisdictionCountryName": "PK",
						"countryName": "PK",
						"stateOrProvinceName": "Punjab",
						"localityName": "Lahore",
						"organizationName": "SHINE YOUR GUTS (SMC-PRIVATE) LIMITED",
						"commonName": "SHINE YOUR GUTS (SMC-PRIVATE) LIMITED",
						"emailAddress": "REEMA77IK@GMAIL.COM"
					},
					"issuer": {
						"countryName": "BE",
						"organizationName": "GlobalSign nv-sa",
						"commonName": "GlobalSign GCC R45 EV CodeSigning CA 2020"
					},
					"extensions": {
						"keyUsage": {
							"digital_signature": true,
							"content_commitment": false,
							"key_encipherment": false,
							"data_encipherment": false,
							"key_agreement": false,
							"key_cert_sign": false,
							"crl_sign": false
						},
						"authorityInfoAccess": {
							"caIssuers": "http://secure.globalsign.com/cacert/gsgccr45evcodesignca2020.crt",
							"OCSP": "http://ocsp.globalsign.com/gsgccr45evcodesignca2020"
						},
						"certificatePolicies": {
							"1.3.6.1.4.1.4146.1.2": [
								"https://www.globalsign.com/repository/"
							]
						},
						"cRLDistributionPoints": [
							"http://crl.globalsign.com/gsgccr45evcodesignca2020.crl"
						],
						"subjectAltName": [
							"REEMA77IK@GMAIL.COM"
						],
						"extendedKeyUsage": [
							"codeSigning"
						],
						"authorityKeyIdentifier": "JZ3Q/FkJhmPF7POxEztXHAOSNhE=",
						"subjectKeyIdentifier": "DVyCm14USduXinr2wcpBbn/Y6dE="
					}
				}
			]
		}
	},
	"command": {},
	"errors": {}
}