{"id": "20250608-P8WRH3", "kind": "standard", "state": "finished", "settings": {"timeout": 120, "priority": 1, "platforms": [{"platform": "windows", "os_version": "10", "tags": ["browser_edge"], "settings": {"browser": "", "command": ["cmd", "/c", "start", "microsoft-edge:%PAYLOAD%"], "route": {}}}], "manual": true, "dump_memory": false, "options": {}, "enforce_timeout": true, "route": {"type": "internet", "options": {}}, "command": [], "orig_filename": false, "password": "", "browser": "edge", "extrpath": []}, "created_on": {"__isodt__": "2025-06-08T09:28:31.089145"}, "category": "url", "submitted": {"category": "url", "url": "http://43.229.135.199/cmd/services.exe"}, "score": 10, "target": {"url": "http://43.229.135.199/cmd/services.exe", "platforms": [{"platform": "windows", "os_version": ""}, {"platform": "darwin", "os_version": ""}, {"platform": "linux", "os_version": ""}, {"platform": "android", "os_version": ""}, {"platform": "ios", "os_version": ""}]}, "errors": {}, "tasks": [{"id": "20250608-P8WRH3_1", "platform": "windows", "os_version": "10", "state": "reported", "score": 9, "started_on": {"__isodt__": "2025-06-08T09:28:39.333952"}, "stopped_on": {"__isodt__": "2025-06-08T09:31:00.218573"}}], "families": [], "tags": [], "ttps": [{"id": "T1112", "name": "Modify Registry", "tactics": ["Defense Evasion"], "reference": "https://attack.mitre.org/techniques/T1112", "subtechniques": []}, {"id": "T1012", "name": "Query Registry", "tactics": ["Discovery"], "reference": "https://attack.mitre.org/techniques/T1012", "subtechniques": []}, {"id": "T1497.001", "name": "System Checks", "tactics": ["Defense Evasion", "Discovery"], "reference": "https://attack.mitre.org/techniques/T1497/001", "subtechniques": []}, {"id": "T1082", "name": "System Information Discovery", "tactics": ["Discovery"], "reference": "https://attack.mitre.org/techniques/T1082", "subtechniques": []}]}