{"analysis_id": "20250608-P8WRH3", "score": 10, "signatures": [{"name": "virustotal", "short_description": "Virustotal sources report this target as malicious", "description": "12 Virustotal antivirus engines detect this target as malicious", "ttps": [], "tags": [], "family": "", "iocs": {"truncated": false, "count": 12, "iocs": [{"truncated": false, "ioc": {"antivirus": "Kaspersky"}}, {"truncated": false, "ioc": {"antivirus": "ESET"}}, {"truncated": false, "ioc": {"antivirus": "Webroot"}}, {"truncated": false, "ioc": {"antivirus": "Lionic"}}, {"truncated": false, "ioc": {"antivirus": "Sophos"}}, {"truncated": false, "ioc": {"antivirus": "AlphaSOC"}}, {"truncated": false, "ioc": {"antivirus": "SOCRadar"}}, {"truncated": false, "ioc": {"antivirus": "URLhaus"}}, {"truncated": false, "ioc": {"antivirus": "VIPRE"}}, {"truncated": false, "ioc": {"antivirus": "BitDefender"}}, {"truncated": false, "ioc": {"antivirus": "CyRadar"}}, {"truncated": false, "ioc": {"antivirus": "G-Data"}}]}, "score": 10}], "target": {"url": "http://43.229.135.199/cmd/services.exe", "platforms": [{"platform": "windows", "os_version": ""}, {"platform": "darwin", "os_version": ""}, {"platform": "linux", "os_version": ""}, {"platform": "android", "os_version": ""}, {"platform": "ios", "os_version": ""}]}, "category": "url", "ttps": [], "tags": [], "families": [], "platforms": [], "virustotal": {"avs": {"Artists Against 419": {"method": "blacklist", "engine_name": "Artists Against 419", "category": "harmless", "result": "clean"}, "Acronis": {"method": "blacklist", "engine_name": "Acronis", "category": "harmless", "result": "clean"}, "Abusix": {"method": "blacklist", "engine_name": "Abusix", "category": "harmless", "result": "clean"}, "ADMINUSLabs": {"method": "blacklist", "engine_name": "ADMINUSLabs", "category": "harmless", "result": "clean"}, "Lionic": {"method": "blacklist", "engine_name": "Lionic", "category": "malicious", "result": "malicious"}, "Criminal IP": {"method": "blacklist", "engine_name": "Criminal IP", "category": "harmless", "result": "clean"}, "AILabs (MONITORAPP)": {"method": "blacklist", "engine_name": "AILabs (MONITORAPP)", "category": "harmless", "result": "clean"}, "AlienVault": {"method": "blacklist", "engine_name": "AlienVault", "category": "harmless", "result": "clean"}, "alphaMountain.ai": {"method": "blacklist", "engine_name": "alphaMountain.ai", "category": "suspicious", "result": "suspicious"}, "AlphaSOC": {"method": "blacklist", "engine_name": "AlphaSOC", "category": "malicious", "result": "malware"}, "Antiy-AVL": {"method": "blacklist", "engine_name": "Antiy-AVL", "category": "harmless", "result": "clean"}, "ArcSight Threat Intelligence": {"method": "blacklist", "engine_name": "ArcSight Threat Intelligence", "category": "undetected", "result": "unrated"}, "AutoShun": {"method": "blacklist", "engine_name": "AutoShun", "category": "undetected", "result": "unrated"}, "Axur": {"method": "blacklist", "engine_name": "Axur", "category": "undetected", "result": "unrated"}, "benkow.cc": {"method": "blacklist", "engine_name": "benkow.cc", "category": "harmless", "result": "clean"}, "Bfore.Ai PreCrime": {"method": "blacklist", "engine_name": "Bfore.Ai PreCrime", "category": "undetected", "result": "unrated"}, "BitDefender": {"method": "blacklist", "engine_name": "BitDefender", "category": "malicious", "result": "malware"}, "Bkav": {"method": "blacklist", "engine_name": "Bkav", "category": "undetected", "result": "unrated"}, "BlockList": {"method": "blacklist", "engine_name": "BlockList", "category": "harmless", "result": "clean"}, "Blueliv": {"method": "blacklist", "engine_name": "Blueliv", "category": "harmless", "result": "clean"}, "Certego": {"method": "blacklist", "engine_name": "Certego", "category": "harmless", "result": "clean"}, "Chong Lua Dao": {"method": "blacklist", "engine_name": "Chong Lua Dao", "category": "harmless", "result": "clean"}, "CINS Army": {"method": "blacklist", "engine_name": "CINS Army", "category": "harmless", "result": "clean"}, "Snort IP sample list": {"method": "blacklist", "engine_name": "Snort IP sample list", "category": "harmless", "result": "clean"}, "Cluster25": {"method": "blacklist", "engine_name": "Cluster25", "category": "undetected", "result": "unrated"}, "CMC Threat Intelligence": {"method": "blacklist", "engine_name": "CMC Threat Intelligence", "category": "harmless", "result": "clean"}, "Xcitium Verdict Cloud": {"method": "blacklist", "engine_name": "Xcitium Verdict Cloud", "category": "harmless", "result": "clean"}, "CRDF": {"method": "blacklist", "engine_name": "CRDF", "category": "harmless", "result": "clean"}, "CSIS Security Group": {"method": "blacklist", "engine_name": "CSIS Security Group", "category": "undetected", "result": "unrated"}, "Cyan": {"method": "blacklist", "engine_name": "Cyan", "category": "undetected", "result": "unrated"}, "Cyble": {"method": "blacklist", "engine_name": "Cyble", "category": "harmless", "result": "clean"}, "CyRadar": {"method": "blacklist", "engine_name": "CyRadar", "category": "malicious", "result": "malware"}, "desenmascara.me": {"method": "blacklist", "engine_name": "desenmascara.me", "category": "harmless", "result": "clean"}, "DNS8": {"method": "blacklist", "engine_name": "DNS8", "category": "harmless", "result": "clean"}, "Dr.Web": {"method": "blacklist", "engine_name": "Dr.Web", "category": "harmless", "result": "clean"}, "Emsisoft": {"method": "blacklist", "engine_name": "Emsisoft", "category": "harmless", "result": "clean"}, "Ermes": {"method": "blacklist", "engine_name": "Ermes", "category": "undetected", "result": "unrated"}, "ESET": {"method": "blacklist", "engine_name": "ESET", "category": "malicious", "result": "malware"}, "ESTsecurity": {"method": "blacklist", "engine_name": "ESTsecurity", "category": "harmless", "result": "clean"}, "EmergingThreats": {"method": "blacklist", "engine_name": "EmergingThreats", "category": "harmless", "result": "clean"}, "Feodo Tracker": {"method": "blacklist", "engine_name": "Feodo Tracker", "category": "harmless", "result": "clean"}, "Fortinet": {"method": "blacklist", "engine_name": "Fortinet", "category": "harmless", "result": "clean"}, "G-Data": {"method": "blacklist", "engine_name": "G-Data", "category": "malicious", "result": "malware"}, "Google Safebrowsing": {"method": "blacklist", "engine_name": "Google Safebrowsing", "category": "harmless", "result": "clean"}, "GCP Abuse Intelligence": {"method": "blacklist", "engine_name": "GCP Abuse Intelligence", "category": "undetected", "result": "unrated"}, "GreenSnow": {"method": "blacklist", "engine_name": "GreenSnow", "category": "harmless", "result": "clean"}, "Gridinsoft": {"method": "blacklist", "engine_name": "Gridinsoft", "category": "undetected", "result": "unrated"}, "Heimdal Security": {"method": "blacklist", "engine_name": "Heimdal Security", "category": "harmless", "result": "clean"}, "Hunt.io Intelligence": {"method": "blacklist", "engine_name": "Hunt.io Intelligence", "category": "undetected", "result": "unrated"}, "IPsum": {"method": "blacklist", "engine_name": "IPsum", "category": "harmless", "result": "clean"}, "Juniper Networks": {"method": "blacklist", "engine_name": "Juniper Networks", "category": "harmless", "result": "clean"}, "Kaspersky": {"method": "blacklist", "engine_name": "Kaspersky", "category": "malicious", "result": "malware"}, "Lumu": {"method": "blacklist", "engine_name": "Lumu", "category": "undetected", "result": "unrated"}, "Malwared": {"method": "blacklist", "engine_name": "Malwared", "category": "harmless", "result": "clean"}, "MalwareURL": {"method": "blacklist", "engine_name": "MalwareURL", "category": "undetected", "result": "unrated"}, "MalwarePatrol": {"method": "blacklist", "engine_name": "MalwarePatrol", "category": "harmless", "result": "clean"}, "malwares.com URL checker": {"method": "blacklist", "engine_name": "malwares.com URL checker", "category": "harmless", "result": "clean"}, "Mimecast": {"method": "blacklist", "engine_name": "Mimecast", "category": "undetected", "result": "unrated"}, "Netcraft": {"method": "blacklist", "engine_name": "Netcraft", "category": "undetected", "result": "unrated"}, "OpenPhish": {"method": "blacklist", "engine_name": "OpenPhish", "category": "harmless", "result": "clean"}, "0xSI_f33d": {"method": "blacklist", "engine_name": "0xSI_f33d", "category": "undetected", "result": "unrated"}, "Phishing Database": {"method": "blacklist", "engine_name": "Phishing Database", "category": "harmless", "result": "clean"}, "PhishFort": {"method": "blacklist", "engine_name": "PhishFort", "category": "undetected", "result": "unrated"}, "PhishLabs": {"method": "blacklist", "engine_name": "PhishLabs", "category": "undetected", "result": "unrated"}, "Phishtank": {"method": "blacklist", "engine_name": "Phishtank", "category": "harmless", "result": "clean"}, "PREBYTES": {"method": "blacklist", "engine_name": "PREBYTES", "category": "harmless", "result": "clean"}, "PrecisionSec": {"method": "blacklist", "engine_name": "PrecisionSec", "category": "undetected", "result": "unrated"}, "Quick Heal": {"method": "blacklist", "engine_name": "Quick Heal", "category": "harmless", "result": "clean"}, "Quttera": {"method": "blacklist", "engine_name": "Quttera", "category": "harmless", "result": "clean"}, "Rising": {"method": "blacklist", "engine_name": "Rising", "category": "harmless", "result": "clean"}, "SafeToOpen": {"method": "blacklist", "engine_name": "SafeToOpen", "category": "undetected", "result": "unrated"}, "Sangfor": {"method": "blacklist", "engine_name": "Sangfor", "category": "harmless", "result": "clean"}, "Sansec eComscan": {"method": "blacklist", "engine_name": "Sansec eComscan", "category": "undetected", "result": "unrated"}, "Scantitan": {"method": "blacklist", "engine_name": "Scantitan", "category": "harmless", "result": "clean"}, "SCUMWARE.org": {"method": "blacklist", "engine_name": "SCUMWARE.org", "category": "harmless", "result": "clean"}, "Seclookup": {"method": "blacklist", "engine_name": "Seclookup", "category": "harmless", "result": "clean"}, "SOCRadar": {"method": "blacklist", "engine_name": "SOCRadar", "category": "malicious", "result": "malware"}, "Sophos": {"method": "blacklist", "engine_name": "Sophos", "category": "malicious", "result": "malware"}, "Spam404": {"method": "blacklist", "engine_name": "Spam404", "category": "harmless", "result": "clean"}, "StopForumSpam": {"method": "blacklist", "engine_name": "StopForumSpam", "category": "harmless", "result": "clean"}, "Sucuri SiteCheck": {"method": "blacklist", "engine_name": "Sucuri SiteCheck", "category": "harmless", "result": "clean"}, "securolytics": {"method": "blacklist", "engine_name": "securolytics", "category": "harmless", "result": "clean"}, "Threatsourcing": {"method": "blacklist", "engine_name": "Threatsourcing", "category": "harmless", "result": "clean"}, "ThreatHive": {"method": "blacklist", "engine_name": "ThreatHive", "category": "harmless", "result": "clean"}, "Trustwave": {"method": "blacklist", "engine_name": "Trustwave", "category": "harmless", "result": "clean"}, "Underworld": {"method": "blacklist", "engine_name": "Underworld", "category": "undetected", "result": "unrated"}, "URLhaus": {"method": "blacklist", "engine_name": "URLhaus", "category": "malicious", "result": "malicious"}, "URLQuery": {"method": "blacklist", "engine_name": "URLQuery", "category": "suspicious", "result": "suspicious"}, "Viettel Threat Intelligence": {"method": "blacklist", "engine_name": "Viettel Threat Intelligence", "category": "harmless", "result": "clean"}, "VIPRE": {"method": "blacklist", "engine_name": "VIPRE", "category": "malicious", "result": "malware"}, "ViriBack": {"method": "blacklist", "engine_name": "ViriBack", "category": "harmless", "result": "clean"}, "VX Vault": {"method": "blacklist", "engine_name": "VX Vault", "category": "harmless", "result": "clean"}, "Webroot": {"method": "blacklist", "engine_name": "Webroot", "category": "malicious", "result": "malicious"}, "Forcepoint ThreatSeeker": {"method": "blacklist", "engine_name": "Forcepoint ThreatSeeker", "category": "undetected", "result": "unrated"}, "Yandex Safebrowsing": {"method": "blacklist", "engine_name": "Yandex Safebrowsing", "category": "harmless", "result": "clean"}, "ZeroCERT": {"method": "blacklist", "engine_name": "ZeroCERT", "category": "harmless", "result": "clean"}, "ZeroFox": {"method": "blacklist", "engine_name": "ZeroFox", "category": "undetected", "result": "unrated"}}, "stats": {"malicious": 12, "suspicious": 2, "undetected": 25, "harmless": 58, "timeout": 0}}, "command": {"windows": ["cmd", "/c", "start", "microsoft-edge:%PAYLOAD%"]}, "errors": {}}