{"id": "20250619-3KRVSF", "kind": "standard", "state": "finished", "settings": {"timeout": 120, "priority": 1, "platforms": [{"platform": "windows", "os_version": "10", "tags": [], "settings": {"browser": "", "command": [], "route": {}}}], "manual": false, "dump_memory": false, "options": {}, "enforce_timeout": true, "route": {"type": "drop", "options": {}}, "command": [], "orig_filename": false, "password": "", "browser": "", "extrpath": []}, "created_on": {"__isodt__": "2025-06-19T10:13:16.560767"}, "category": "file", "submitted": {"size": 258560, "md5": "253d97a43580d6d66a8d66822a37d31b", "sha1": "e5977be08d65bc27f1dd07db589a0d2837241549", "sha256": "b10ddfc1c2c122c1e98d3d53d0daadf4a9499dfc58e2bdea4118ca552da29a69", "sha512": "f4e6000fa29ab6d14338376079776145808d7949a925f240477fbdf31e2e82b3a66c8fce3d70352535627e1b1e4e60e5086dd7bcc2748c4e410814462eecb7d4", "media_type": "application/x-dosexec", "type": "PE32+ executable (console) x86-64, for MS Windows", "filename": "al-khaser_x64 (8.\u00aa copia).exe", "category": "file"}, "score": 10, "target": {"filename": "al-khaser_x64 (8.\u00aa copia).exe", "orig_filename": "al-khaser_x64 (8.\u00aa copia).exe", "platforms": [{"platform": "windows", "os_version": ""}], "size": 258560, "filetype": "PE32+ executable (console) x86-64, for MS Windows", "media_type": "application/x-dosexec", "extrpath": [], "password": "", "machine_tags": [], "container": false, "sha512": "f4e6000fa29ab6d14338376079776145808d7949a925f240477fbdf31e2e82b3a66c8fce3d70352535627e1b1e4e60e5086dd7bcc2748c4e410814462eecb7d4", "sha256": "b10ddfc1c2c122c1e98d3d53d0daadf4a9499dfc58e2bdea4118ca552da29a69", "sha1": "e5977be08d65bc27f1dd07db589a0d2837241549", "md5": "253d97a43580d6d66a8d66822a37d31b"}, "errors": {}, "tasks": [{"id": "20250619-3KRVSF_1", "platform": "windows", "os_version": "10", "state": "reported", "score": 9, "started_on": {"__isodt__": "2025-06-19T10:13:19.175940"}, "stopped_on": {"__isodt__": "2025-06-19T10:15:38.360636"}}], "families": [], "tags": ["evasion"], "ttps": [{"id": "T1012", "name": "Query Registry", "tactics": ["Discovery"], "reference": "https://attack.mitre.org/techniques/T1012", "subtechniques": []}, {"id": "T1497.001", "name": "System Checks", "tactics": ["Defense Evasion", "Discovery"], "reference": "https://attack.mitre.org/techniques/T1497/001", "subtechniques": []}, {"id": "T1562.001", "name": "Disable or Modify Tools", "tactics": ["Defense Evasion"], "reference": "https://attack.mitre.org/techniques/T1562/001", "subtechniques": []}, {"id": "T1082", "name": "System Information Discovery", "tactics": ["Discovery"], "reference": "https://attack.mitre.org/techniques/T1082", "subtechniques": []}, {"id": "T1112", "name": "Modify Registry", "tactics": ["Defense Evasion"], "reference": "https://attack.mitre.org/techniques/T1112", "subtechniques": []}]}