{"analysis_id": "20250619-3KRVSF", "score": 10, "signatures": [{"name": "virustotal", "short_description": "Virustotal sources report this target as malicious", "description": "46 Virustotal antivirus engines detect this target as malicious", "ttps": [], "tags": [], "family": "", "iocs": {"truncated": false, "count": 46, "iocs": [{"truncated": false, "ioc": {"antivirus": "CrowdStrike"}}, {"truncated": false, "ioc": {"antivirus": "Cylance"}}, {"truncated": false, "ioc": {"antivirus": "Antiy-AVL"}}, {"truncated": false, "ioc": {"antivirus": "CTX"}}, {"truncated": false, "ioc": {"antivirus": "McAfee"}}, {"truncated": false, "ioc": {"antivirus": "MaxSecure"}}, {"truncated": false, "ioc": {"antivirus": "SentinelOne"}}, {"truncated": false, "ioc": {"antivirus": "Symantec"}}, {"truncated": false, "ioc": {"antivirus": "Kaspersky"}}, {"truncated": false, "ioc": {"antivirus": "DeepInstinct"}}, {"truncated": false, "ioc": {"antivirus": "Google"}}, {"truncated": false, "ioc": {"antivirus": "K7AntiVirus"}}, {"truncated": false, "ioc": {"antivirus": "Gridinsoft"}}, {"truncated": false, "ioc": {"antivirus": "Cynet"}}, {"truncated": false, "ioc": {"antivirus": "Sangfor"}}, {"truncated": false, "ioc": {"antivirus": "ESET-NOD32"}}, {"truncated": false, "ioc": {"antivirus": "VIPRE"}}, {"truncated": false, "ioc": {"antivirus": "MicroWorld-eScan"}}, {"truncated": false, "ioc": {"antivirus": "Ikarus"}}, {"truncated": false, "ioc": {"antivirus": "AVG"}}, {"truncated": false, "ioc": {"antivirus": "Microsoft"}}, {"truncated": false, "ioc": {"antivirus": "alibabacloud"}}, {"truncated": false, "ioc": {"antivirus": "Rising"}}, {"truncated": false, "ioc": {"antivirus": "Lionic"}}, {"truncated": false, "ioc": {"antivirus": "K7GW"}}, {"truncated": false, "ioc": {"antivirus": "Elastic"}}, {"truncated": false, "ioc": {"antivirus": "Avast"}}, {"truncated": false, "ioc": {"antivirus": "GData"}}, {"truncated": false, "ioc": {"antivirus": "Paloalto"}}, {"truncated": false, "ioc": {"antivirus": "TrendMicro-HouseCall"}}, {"truncated": false, "ioc": {"antivirus": "Trapmine"}}, {"truncated": false, "ioc": {"antivirus": "Xcitium"}}, {"truncated": false, "ioc": {"antivirus": "CAT-QuickHeal"}}, {"truncated": false, "ioc": {"antivirus": "AhnLab-V3"}}, {"truncated": false, "ioc": {"antivirus": "Bkav"}}, {"truncated": false, "ioc": {"antivirus": "ALYac"}}, {"truncated": false, "ioc": {"antivirus": "Varist"}}, {"truncated": false, "ioc": {"antivirus": "Arcabit"}}, {"truncated": false, "ioc": {"antivirus": "Malwarebytes"}}, {"truncated": false, "ioc": {"antivirus": "Zillya"}}, {"truncated": false, "ioc": {"antivirus": "ViRobot"}}, {"truncated": false, "ioc": {"antivirus": "Fortinet"}}, {"truncated": false, "ioc": {"antivirus": "Sophos"}}, {"truncated": false, "ioc": {"antivirus": "Emsisoft"}}, {"truncated": false, "ioc": {"antivirus": "BitDefender"}}, {"truncated": false, "ioc": {"antivirus": "Skyhigh"}}]}, "score": 10}], "target": {"filename": "al-khaser_x64 (8.\u00aa copia).exe", "orig_filename": "al-khaser_x64 (8.\u00aa copia).exe", "platforms": [{"platform": "windows", "os_version": ""}], "size": 258560, "filetype": "PE32+ executable (console) x86-64, for MS Windows", "media_type": "application/x-dosexec", "extrpath": [], "password": "", "machine_tags": [], "container": false, "sha512": "f4e6000fa29ab6d14338376079776145808d7949a925f240477fbdf31e2e82b3a66c8fce3d70352535627e1b1e4e60e5086dd7bcc2748c4e410814462eecb7d4", "sha256": "b10ddfc1c2c122c1e98d3d53d0daadf4a9499dfc58e2bdea4118ca552da29a69", "sha1": "e5977be08d65bc27f1dd07db589a0d2837241549", "md5": "253d97a43580d6d66a8d66822a37d31b"}, "category": "file", "ttps": [], "tags": [], "families": [], "platforms": [], "virustotal": {"avs": {"Bkav": {"method": "blacklist", "engine_name": "Bkav", "engine_version": "2.0.0.1", "engine_update": "20250516", "category": "malicious", "result": "W32.Common.5954B932"}, "Lionic": {"method": "blacklist", "engine_name": "Lionic", "engine_version": "8.16", "engine_update": "20250516", "category": "malicious", "result": "Trojan.Win32.VMDetect.4!c"}, "Elastic": {"method": "blacklist", "engine_name": "Elastic", "engine_version": "4.0.203", "engine_update": "20250505", "category": "malicious", "result": "malicious (high confidence)"}, "Cynet": {"method": "blacklist", "engine_name": "Cynet", "engine_version": "4.0.3.4", "engine_update": "20250516", "category": "malicious", "result": "Malicious (score: 100)"}, "CTX": {"method": "blacklist", "engine_name": "CTX", "engine_version": "2024.8.29.1", "engine_update": "20250516", "category": "malicious", "result": "exe.trojan.khalesi"}, "CAT-QuickHeal": {"method": "blacklist", "engine_name": "CAT-QuickHeal", "engine_version": "22.00", "engine_update": "20250515", "category": "malicious", "result": "Trojan.Ghanarava.172864517537d31b"}, "Skyhigh": {"method": "blacklist", "engine_name": "Skyhigh", "engine_version": "v2021.2.0+4045", "engine_update": "20250515", "category": "malicious", "result": "BehavesLike.Win64.Injector.dm"}, "ALYac": {"method": "blacklist", "engine_name": "ALYac", "engine_version": "2.0.0.10", "engine_update": "20250516", "category": "malicious", "result": "Trojan.GenericKD.74294420"}, "Cylance": {"method": "blacklist", "engine_name": "Cylance", "engine_version": "3.0.0.0", "engine_update": "20250424", "category": "malicious", "result": "Unsafe"}, "Zillya": {"method": "blacklist", "engine_name": "Zillya", "engine_version": "2.0.0.5361", "engine_update": "20250515", "category": "malicious", "result": "Trojan.Khalesi.Win32.66771"}, "Sangfor": {"method": "blacklist", "engine_name": "Sangfor", "engine_version": "2.22.3.0", "engine_update": "20250514", "category": "malicious", "result": "Spyware.Win32.Vmdetect.Vxvd"}, "K7AntiVirus": {"method": "blacklist", "engine_name": "K7AntiVirus", "engine_version": "12.236.55770", "engine_update": "20250516", "category": "malicious", "result": "Adware ( 00545b591 )"}, "Alibaba": {"method": "blacklist", "engine_name": "Alibaba", "engine_version": "0.3.0.5", "engine_update": "20190527", "category": "undetected", "result": null}, "K7GW": {"method": "blacklist", "engine_name": "K7GW", "engine_version": "12.237.55772", "engine_update": "20250516", "category": "malicious", "result": "Adware ( 00545b591 )"}, "CrowdStrike": {"method": "blacklist", "engine_name": "CrowdStrike", "engine_version": "1.0", "engine_update": "20231026", "category": "malicious", "result": "win/malicious_confidence_70% (W)"}, "huorong": {"method": "blacklist", "engine_name": "huorong", "engine_version": "d79b1d4:d79b1d4:9641f4a:9641f4a", "engine_update": "20250516", "category": "undetected", "result": null}, "Baidu": {"method": "blacklist", "engine_name": "Baidu", "engine_version": "1.0.0.2", "engine_update": "20190318", "category": "undetected", "result": null}, "VirIT": {"method": "blacklist", "engine_name": "VirIT", "engine_version": "9.5.955", "engine_update": "20250515", "category": "undetected", "result": null}, "Symantec": {"method": "blacklist", "engine_name": "Symantec", "engine_version": "1.22.0.0", "engine_update": "20250516", "category": "malicious", "result": "ML.Attribute.HighConfidence"}, "tehtris": {"method": "blacklist", "engine_name": "tehtris", "engine_version": "v0.1.4", "engine_update": "20250516", "category": "undetected", "result": null}, "ESET-NOD32": {"method": "blacklist", "engine_name": "ESET-NOD32", "engine_version": "31208", "engine_update": "20250516", "category": "malicious", "result": "a variant of Win64/VMDetect.A potentially unwanted"}, "Zoner": {"method": "blacklist", "engine_name": "Zoner", "engine_version": "2.2.2.0", "engine_update": "20250516", "category": "undetected", "result": null}, "APEX": {"method": "blacklist", "engine_name": "APEX", "engine_version": "6.655", "engine_update": "20250516", "category": "undetected", "result": null}, "Paloalto": {"method": "blacklist", "engine_name": "Paloalto", "engine_version": "0.9.0.1003", "engine_update": "20250516", "category": "malicious", "result": "generic.ml"}, "ClamAV": {"method": "blacklist", "engine_name": "ClamAV", "engine_version": "1.4.2.0", "engine_update": "20250516", "category": "undetected", "result": null}, "Kaspersky": {"method": "blacklist", "engine_name": "Kaspersky", "engine_version": "22.0.1.28", "engine_update": "20250516", "category": "malicious", "result": "Trojan.Win32.Khalesi.qjcg"}, "BitDefender": {"method": "blacklist", "engine_name": "BitDefender", "engine_version": "7.2", "engine_update": "20250516", "category": "malicious", "result": "Trojan.GenericKD.74294420"}, "NANO-Antivirus": {"method": "blacklist", "engine_name": "NANO-Antivirus", "engine_version": "1.0.170.26710", "engine_update": "20250516", "category": "undetected", "result": null}, "ViRobot": {"method": "blacklist", "engine_name": "ViRobot", "engine_version": "2014.3.20.0", "engine_update": "20250516", "category": "malicious", "result": "Trojan.Win.Z.Vmdetect.258560"}, "MicroWorld-eScan": {"method": "blacklist", "engine_name": "MicroWorld-eScan", "engine_version": "14.0.409.0", "engine_update": "20250516", "category": "malicious", "result": "Trojan.GenericKD.74294420"}, "Avast": {"method": "blacklist", "engine_name": "Avast", "engine_version": "23.9.8494.0", "engine_update": "20250516", "category": "malicious", "result": "Win64:MalwareX-gen [Spy]"}, "Tencent": {"method": "blacklist", "engine_name": "Tencent", "engine_version": "1.0.0.1", "engine_update": "20250516", "category": "undetected", "result": null}, "Emsisoft": {"method": "blacklist", "engine_name": "Emsisoft", "engine_version": "2024.8.0.61147", "engine_update": "20250516", "category": "malicious", "result": "Trojan.GenericKD.74294420 (B)"}, "F-Secure": {"method": "blacklist", "engine_name": "F-Secure", "engine_version": "18.10.1547.307", "engine_update": "20250516", "category": "undetected", "result": null}, "DrWeb": {"method": "blacklist", "engine_name": "DrWeb", "engine_version": "7.0.67.2170", "engine_update": "20250516", "category": "undetected", "result": null}, "VIPRE": {"method": "blacklist", "engine_name": "VIPRE", "engine_version": "6.0.0.35", "engine_update": "20250516", "category": "malicious", "result": "Trojan.GenericKD.74294420"}, "TrendMicro": {"method": "blacklist", "engine_name": "TrendMicro", "engine_version": "24.550.0.1002", "engine_update": "20250516", "category": "undetected", "result": null}, "Trapmine": {"method": "blacklist", "engine_name": "Trapmine", "engine_version": "4.0.4.0", "engine_update": "20250515", "category": "malicious", "result": "suspicious.low.ml.score"}, "CMC": {"method": "blacklist", "engine_name": "CMC", "engine_version": "2.4.2022.1", "engine_update": "20250516", "category": "undetected", "result": null}, "Sophos": {"method": "blacklist", "engine_name": "Sophos", "engine_version": "3.0.3.0", "engine_update": "20250516", "category": "malicious", "result": "Generic Reputation PUA (PUA)"}, "Ikarus": {"method": "blacklist", "engine_name": "Ikarus", "engine_version": "6.3.30.0", "engine_update": "20250516", "category": "malicious", "result": "Trojan.Khalesi"}, "GData": {"method": "blacklist", "engine_name": "GData", "engine_version": "GD:27.40346AVA:64.29200", "engine_update": "20250516", "category": "malicious", "result": "Trojan.GenericKD.74294420"}, "Jiangmin": {"method": "blacklist", "engine_name": "Jiangmin", "engine_version": "16.0.100", "engine_update": "20250515", "category": "undetected", "result": null}, "Webroot": {"method": "blacklist", "engine_name": "Webroot", "engine_version": "1.9.0.8", "engine_update": "20250227", "category": "undetected", "result": null}, "Varist": {"method": "blacklist", "engine_name": "Varist", "engine_version": "6.6.1.3", "engine_update": "20250516", "category": "malicious", "result": "W64/ABTrojan.QKHN-9191"}, "Avira": {"method": "blacklist", "engine_name": "Avira", "engine_version": "8.3.3.20", "engine_update": "20250516", "category": "undetected", "result": null}, "Antiy-AVL": {"method": "blacklist", "engine_name": "Antiy-AVL", "engine_version": "3.0", "engine_update": "20250516", "category": "malicious", "result": "GrayWare/Win64.VMDetect"}, "Kingsoft": {"method": "blacklist", "engine_name": "Kingsoft", "engine_version": "None", "engine_update": "20250516", "category": "undetected", "result": null}, "Gridinsoft": {"method": "blacklist", "engine_name": "Gridinsoft", "engine_version": "1.0.216.174", "engine_update": "20250516", "category": "malicious", "result": "Trojan.Win64.Downloader.oa!s1"}, "Xcitium": {"method": "blacklist", "engine_name": "Xcitium", "engine_version": "37720", "engine_update": "20250513", "category": "malicious", "result": "ApplicUnwnt@#3vu0for6mtwl"}, "Arcabit": {"method": "blacklist", "engine_name": "Arcabit", "engine_version": "2022.0.0.18", "engine_update": "20250516", "category": "malicious", "result": "Trojan.Generic.D46DA494"}, "SUPERAntiSpyware": {"method": "blacklist", "engine_name": "SUPERAntiSpyware", "engine_version": "5.6.0.1032", "engine_update": "20250515", "category": "undetected", "result": null}, "ZoneAlarm": {"method": "blacklist", "engine_name": "ZoneAlarm", "engine_version": "6.16-103870667", "engine_update": "20250516", "category": "undetected", "result": null}, "Microsoft": {"method": "blacklist", "engine_name": "Microsoft", "engine_version": "1.1.25040.1", "engine_update": "20250516", "category": "malicious", "result": "Program:Win32/Wacapew.C!ml"}, "Google": {"method": "blacklist", "engine_name": "Google", "engine_version": "1747395049", "engine_update": "20250516", "category": "malicious", "result": "Detected"}, "AhnLab-V3": {"method": "blacklist", "engine_name": "AhnLab-V3", "engine_version": "3.27.2.10550", "engine_update": "20250516", "category": "malicious", "result": "Trojan/Win.Generic.R635523"}, "Acronis": {"method": "blacklist", "engine_name": "Acronis", "engine_version": "1.2.0.121", "engine_update": "20240328", "category": "undetected", "result": null}, "McAfee": {"method": "blacklist", "engine_name": "McAfee", "engine_version": "6.0.6.653", "engine_update": "20250515", "category": "malicious", "result": "Artemis!253D97A43580"}, "TACHYON": {"method": "blacklist", "engine_name": "TACHYON", "engine_version": "2025-05-16.03", "engine_update": "20250516", "category": "undetected", "result": null}, "VBA32": {"method": "blacklist", "engine_name": "VBA32", "engine_version": "5.3.2", "engine_update": "20250516", "category": "undetected", "result": null}, "Malwarebytes": {"method": "blacklist", "engine_name": "Malwarebytes", "engine_version": "4.5.5.54", "engine_update": "20250516", "category": "malicious", "result": "Malware.AI.3520587068"}, "Panda": {"method": "blacklist", "engine_name": "Panda", "engine_version": "4.6.4.2", "engine_update": "20250516", "category": "undetected", "result": null}, "TrendMicro-HouseCall": {"method": "blacklist", "engine_name": "TrendMicro-HouseCall", "engine_version": "24.550.0.1002", "engine_update": "20250516", "category": "malicious", "result": "Trojan.Win32.VSX.PE04C9Z"}, "Rising": {"method": "blacklist", "engine_name": "Rising", "engine_version": "25.0.0.28", "engine_update": "20250516", "category": "malicious", "result": "Spyware.Agent!8.C6 (TFE:5:IPvjxynLAnQ)"}, "Yandex": {"method": "blacklist", "engine_name": "Yandex", "engine_version": "5.5.2.24", "engine_update": "20250516", "category": "undetected", "result": null}, "SentinelOne": {"method": "blacklist", "engine_name": "SentinelOne", "engine_version": "25.1.1.1", "engine_update": "20250114", "category": "malicious", "result": "Static AI - Malicious PE"}, "MaxSecure": {"method": "blacklist", "engine_name": "MaxSecure", "engine_version": "1.0.0.1", "engine_update": "20250516", "category": "malicious", "result": "Trojan.Malware.283731895.susgen"}, "Fortinet": {"method": "blacklist", "engine_name": "Fortinet", "engine_version": "7.0.30.0", "engine_update": "20250516", "category": "malicious", "result": "Adware/VMDetect"}, "AVG": {"method": "blacklist", "engine_name": "AVG", "engine_version": "23.9.8494.0", "engine_update": "20250516", "category": "malicious", "result": "Win64:MalwareX-gen [Spy]"}, "DeepInstinct": {"method": "blacklist", "engine_name": "DeepInstinct", "engine_version": "5.0.0.8", "engine_update": "20250516", "category": "malicious", "result": "MALICIOUS"}, "alibabacloud": {"method": "blacklist", "engine_name": "alibabacloud", "engine_version": "2.2.0", "engine_update": "20250321", "category": "malicious", "result": "Trojan:Win/Khalesi.qiuz"}, "Trustlook": {"method": "blacklist", "engine_name": "Trustlook", "engine_version": "1.0", "engine_update": "20250516", "category": "type-unsupported", "result": null}, "SymantecMobileInsight": {"method": "blacklist", "engine_name": "SymantecMobileInsight", "engine_version": "2.0", "engine_update": "20250124", "category": "type-unsupported", "result": null}, "BitDefenderFalx": {"method": "blacklist", "engine_name": "BitDefenderFalx", "engine_version": "2.0.936", "engine_update": "20250416", "category": "type-unsupported", "result": null}, "Avast-Mobile": {"method": "blacklist", "engine_name": "Avast-Mobile", "engine_version": "250516-02", "engine_update": "20250516", "category": "type-unsupported", "result": null}}, "stats": {"malicious": 46, "suspicious": 0, "undetected": 25, "harmless": 0, "timeout": 0, "confirmed-timeout": 0, "failure": 0, "type-unsupported": 4}}, "static": {"pe": {"peid_signatures": ["Microsoft Visual C++ 8.0 (DLL)"], "pe_imports": [{"dll": "KERNEL32.dll", "imports": [{"address": "0x140018098", "name": "SetLastError"}, {"address": "0x1400180a0", "name": "OutputDebugStringW"}, {"address": "0x1400180a8", "name": "GetLastError"}, {"address": "0x1400180b0", "name": "GetModuleHandleExW"}, {"address": "0x1400180b8", "name": "VirtualQuery"}, {"address": "0x1400180c0", "name": "OpenProcess"}, {"address": "0x1400180c8", "name": "K32GetModuleFileNameExW"}, {"address": "0x1400180d0", "name": "GetWindowsDirectoryW"}, {"address": "0x1400180d8", "name": "QueryInformationJobObject"}, {"address": "0x1400180e0", "name": "GetCurrentProcessId"}, {"address": "0x1400180e8", "name": "K32GetProcessImageFileNameW"}, {"address": "0x1400180f0", "name": "QueryDosDeviceW"}, {"address": "0x1400180f8", "name": "GetSystemDirectoryW"}, {"address": "0x140018100", "name": "GetEnvironmentVariableW"}, {"address": "0x140018108", "name": "GetModuleFileNameW"}, {"address": "0x140018110", "name": "K32GetMappedFileNameW"}, {"address": "0x140018118", "name": "CreateToolhelp32Snapshot"}, {"address": "0x140018120", "name": "Module32FirstW"}, {"address": "0x140018128", "name": "Module32NextW"}, {"address": "0x140018130", "name": "CreateMutexW"}, {"address": "0x140018138", "name": "SetHandleInformation"}, {"address": "0x140018140", "name": "CreateEventW"}, {"address": "0x140018148", "name": "SetEvent"}, {"address": "0x140018150", "name": "CreateThread"}, {"address": "0x140018158", "name": "SwitchToThread"}, {"address": "0x140018160", "name": "WaitForSingleObject"}, {"address": "0x140018168", "name": "SetUnhandledExceptionFilter"}, {"address": "0x140018170", "name": "RaiseException"}, {"address": "0x140018178", "name": "GetWriteWatch"}, {"address": "0x140018180", "name": "GlobalGetAtomNameW"}, {"address": "0x140018188", "name": "GetBinaryTypeW"}, {"address": "0x140018190", "name": "HeapQueryInformation"}, {"address": "0x140018198", "name": "ReadProcessMemory"}, {"address": "0x1400181a0", "name": "ResetWriteWatch"}, {"address": "0x1400181a8", "name": "GetModuleHandleW"}, {"address": "0x1400181b0", "name": "GetComputerNameW"}, {"address": "0x1400181b8", "name": "GetComputerNameExW"}, {"address": "0x1400181c0", "name": "GetSystemWindowsDirectoryW"}, {"address": "0x1400181c8", "name": "CreateFileW"}, {"address": "0x1400181d0", "name": "LocalAlloc"}, {"address": "0x1400181d8", "name": "DeviceIoControl"}, {"address": "0x1400181e0", "name": "LocalFree"}, {"address": "0x1400181e8", "name": "GetTickCount"}, {"address": "0x1400181f0", "name": "GlobalMemoryStatusEx"}, {"address": "0x1400181f8", "name": "GetDiskFreeSpaceExW"}, {"address": "0x140018200", "name": "Wow64DisableWow64FsRedirection"}, {"address": "0x140018208", "name": "Wow64RevertWow64FsRedirection"}, {"address": "0x140018210", "name": "VerSetConditionMask"}, {"address": "0x140018218", "name": "GetFullPathNameW"}, {"address": "0x140018220", "name": "VirtualAllocEx"}, {"address": "0x140018228", "name": "WriteProcessMemory"}, {"address": "0x140018230", "name": "CreateRemoteThread"}, {"address": "0x140018238", "name": "VirtualFreeEx"}, {"address": "0x140018240", "name": "Thread32First"}, {"address": "0x140018248", "name": "OpenThread"}, {"address": "0x140018250", "name": "QueueUserAPC"}, {"address": "0x140018258", "name": "Thread32Next"}, {"address": "0x140018260", "name": "LoadLibraryA"}, {"address": "0x140018268", "name": "GetStdHandle"}, {"address": "0x140018270", "name": "GetConsoleScreenBufferInfo"}, {"address": "0x140018278", "name": "SetConsoleTextAttribute"}, {"address": "0x140018280", "name": "SetConsoleTitleW"}, {"address": "0x140018288", "name": "GetConsoleWindow"}, {"address": "0x140018290", "name": "FormatMessageW"}, {"address": "0x140018298", "name": "lstrlenW"}, {"address": "0x1400182a0", "name": "LocalSize"}, {"address": "0x1400182a8", "name": "MultiByteToWideChar"}, {"address": "0x1400182b0", "name": "GetFileAttributesW"}, {"address": "0x1400182b8", "name": "HeapAlloc"}, {"address": "0x1400182c0", "name": "HeapFree"}, {"address": "0x1400182c8", "name": "Process32FirstW"}, {"address": "0x1400182d0", "name": "Process32NextW"}, {"address": "0x1400182d8", "name": "WaitForMultipleObjects"}, {"address": "0x1400182e0", "name": "CreateWaitableTimerW"}, {"address": "0x1400182e8", "name": "SetWaitableTimer"}, {"address": "0x1400182f0", "name": "CancelWaitableTimer"}, {"address": "0x1400182f8", "name": "CreateTimerQueue"}, {"address": "0x140018300", "name": "CreateTimerQueueTimer"}, {"address": "0x140018308", "name": "DeleteTimerQueueEx"}, {"address": "0x140018310", "name": "VerifyVersionInfoW"}, {"address": "0x140018318", "name": "InitializeSListHead"}, {"address": "0x140018320", "name": "GetSystemTimeAsFileTime"}, {"address": "0x140018328", "name": "GetCurrentThreadId"}, {"address": "0x140018330", "name": "QueryPerformanceCounter"}, {"address": "0x140018338", "name": "IsProcessorFeaturePresent"}, {"address": "0x140018340", "name": "TerminateProcess"}, {"address": "0x140018348", "name": "UnhandledExceptionFilter"}, {"address": "0x140018350", "name": "RtlVirtualUnwind"}, {"address": "0x140018358", "name": "RtlLookupFunctionEntry"}, {"address": "0x140018360", "name": "RtlCaptureContext"}, {"address": "0x140018368", "name": "Sleep"}, {"address": "0x140018370", "name": "LoadLibraryW"}, {"address": "0x140018378", "name": "GetProcAddress"}, {"address": "0x140018380", "name": "K32GetModuleInformation"}, {"address": "0x140018388", "name": "VirtualProtect"}, {"address": "0x140018390", "name": "GetSystemInfo"}, {"address": "0x140018398", "name": "GetProcessHeap"}, {"address": "0x1400183a0", "name": "IsDebuggerPresent"}, {"address": "0x1400183a8", "name": "RemoveVectoredExceptionHandler"}, {"address": "0x1400183b0", "name": "AddVectoredExceptionHandler"}, {"address": "0x1400183b8", "name": "VirtualFree"}, {"address": "0x1400183c0", "name": "GetCurrentThread"}, {"address": "0x1400183c8", "name": "GetThreadContext"}, {"address": "0x1400183d0", "name": "VirtualAlloc"}, {"address": "0x1400183d8", "name": "CloseHandle"}, {"address": "0x1400183e0", "name": "GetCurrentProcess"}, {"address": "0x1400183e8", "name": "ExpandEnvironmentStringsW"}, {"address": "0x1400183f0", "name": "CheckRemoteDebuggerPresent"}]}, {"dll": "USER32.dll", "imports": [{"address": "0x140018548", "name": "FindWindowW"}, {"address": "0x140018550", "name": "SetWindowsHookExW"}, {"address": "0x140018558", "name": "MoveWindow"}, {"address": "0x140018560", "name": "GetSystemMetrics"}, {"address": "0x140018568", "name": "GetLastInputInfo"}, {"address": "0x140018570", "name": "KillTimer"}, {"address": "0x140018578", "name": "SetTimer"}, {"address": "0x140018580", "name": "GetShellWindow"}, {"address": "0x140018588", "name": "GetWindowThreadProcessId"}, {"address": "0x140018590", "name": "wsprintfW"}, {"address": "0x140018598", "name": "GetMessageW"}, {"address": "0x1400185a0", "name": "TranslateMessage"}, {"address": "0x1400185a8", "name": "GetCursorPos"}, {"address": "0x1400185b0", "name": "DispatchMessageW"}]}, {"dll": "ADVAPI32.dll", "imports": [{"address": "0x140018000", "name": "CloseServiceHandle"}, {"address": "0x140018008", "name": "RegOpenKeyExW"}, {"address": "0x140018010", "name": "GetTokenInformation"}, {"address": "0x140018018", "name": "OpenProcessToken"}, {"address": "0x140018020", "name": "AdjustTokenPrivileges"}, {"address": "0x140018028", "name": "LookupPrivilegeValueW"}, {"address": "0x140018030", "name": "EnumServicesStatusExW"}, {"address": "0x140018038", "name": "GetUserNameW"}, {"address": "0x140018040", "name": "OpenSCManagerW"}, {"address": "0x140018048", "name": "RegEnumKeyExW"}, {"address": "0x140018050", "name": "RegQueryInfoKeyW"}, {"address": "0x140018058", "name": "RegCloseKey"}, {"address": "0x140018060", "name": "RegQueryValueExW"}]}, {"dll": "SHELL32.dll", "imports": [{"address": "0x1400184c0", "name": "SHGetSpecialFolderPathW"}]}, {"dll": "ole32.dll", "imports": [{"address": "0x140018810", "name": "CoInitializeSecurity"}, {"address": "0x140018818", "name": "CoCreateInstance"}, {"address": "0x140018820", "name": "CoSetProxyBlanket"}, {"address": "0x140018828", "name": "CoUninitialize"}, {"address": "0x140018830", "name": "CoInitializeEx"}]}, {"dll": "OLEAUT32.dll", "imports": [{"address": "0x140018440", "name": "SafeArrayGetElement"}, {"address": "0x140018448", "name": "SafeArrayGetUBound"}, {"address": "0x140018450", "name": "SafeArrayGetLBound"}, {"address": "0x140018458", "name": "SafeArrayAccessData"}, {"address": "0x140018460", "name": "VariantClear"}, {"address": "0x140018468", "name": "SafeArrayUnaccessData"}, {"address": "0x140018470", "name": "SysFreeString"}, {"address": "0x140018478", "name": "SysAllocString"}]}, {"dll": "MSVCP140.dll", "imports": [{"address": "0x140018410", "name": "_Equivalent"}, {"address": "0x140018418", "name": "?_Xinvalid_argument@std@@YAXPEBD@Z"}, {"address": "0x140018420", "name": "_To_wide"}, {"address": "0x140018428", "name": "?_Syserror_map@std@@YAPEBDH@Z"}, {"address": "0x140018430", "name": "?_Xlength_error@std@@YAXPEBD@Z"}]}, {"dll": "SHLWAPI.dll", "imports": [{"address": "0x1400184d0", "name": "PathRemoveExtensionW"}, {"address": "0x1400184d8", "name": "PathGetDriveNumberW"}, {"address": "0x1400184e0", "name": "StrCmpIW"}, {"address": "0x1400184e8", "name": ""}, {"address": "0x1400184f0", "name": "PathFindFileNameW"}, {"address": "0x1400184f8", "name": "PathCombineW"}, {"address": "0x140018500", "name": "wnsprintfW"}, {"address": "0x140018508", "name": "StrCmpNIW"}, {"address": "0x140018510", "name": "StrChrW"}, {"address": "0x140018518", "name": "StrCmpW"}, {"address": "0x140018520", "name": "StrStrW"}, {"address": "0x140018528", "name": "StrStrIW"}]}, {"dll": "MPR.dll", "imports": [{"address": "0x140018400", "name": "WNetGetProviderNameW"}]}, {"dll": "IPHLPAPI.DLL", "imports": [{"address": "0x140018070", "name": "IcmpCreateFile"}, {"address": "0x140018078", "name": "IcmpSendEcho"}, {"address": "0x140018080", "name": "GetAdaptersInfo"}, {"address": "0x140018088", "name": "IcmpCloseHandle"}]}, {"dll": "WINMM.dll", "imports": [{"address": "0x140018630", "name": "timeEndPeriod"}, {"address": "0x140018638", "name": "timeGetDevCaps"}, {"address": "0x140018640", "name": "timeKillEvent"}, {"address": "0x140018648", "name": "timeSetEvent"}]}, {"dll": "SETUPAPI.dll", "imports": [{"address": "0x140018498", "name": "SetupDiEnumDeviceInfo"}, {"address": "0x1400184a0", "name": "SetupDiGetDeviceRegistryPropertyW"}, {"address": "0x1400184a8", "name": "SetupDiDestroyDeviceInfoList"}, {"address": "0x1400184b0", "name": "SetupDiGetClassDevsW"}]}, {"dll": "POWRPROF.dll", "imports": [{"address": "0x140018488", "name": "GetPwrCapabilities"}]}, {"dll": "SLWGA.dll", "imports": [{"address": "0x140018538", "name": "SLIsGenuineLocal"}]}, {"dll": "VCRUNTIME140_1.dll", "imports": [{"address": "0x140018620", "name": "__CxxFrameHandler4"}]}, {"dll": "VCRUNTIME140.dll", "imports": [{"address": "0x1400185c0", "name": "__std_exception_copy"}, {"address": "0x1400185c8", "name": "__std_exception_destroy"}, {"address": "0x1400185d0", "name": "__C_specific_handler"}, {"address": "0x1400185d8", "name": "wcsstr"}, {"address": "0x1400185e0", "name": "_CxxThrowException"}, {"address": "0x1400185e8", "name": "__current_exception_context"}, {"address": "0x1400185f0", "name": "memset"}, {"address": "0x1400185f8", "name": "memcmp"}, {"address": "0x140018600", "name": "memcpy"}, {"address": "0x140018608", "name": "__current_exception"}, {"address": "0x140018610", "name": "memmove"}]}, {"dll": "api-ms-win-crt-runtime-l1-1-0.dll", "imports": [{"address": "0x1400186c8", "name": "terminate"}, {"address": "0x1400186d0", "name": "_configure_narrow_argv"}, {"address": "0x1400186d8", "name": "_initialize_narrow_environment"}, {"address": "0x1400186e0", "name": "_initialize_onexit_table"}, {"address": "0x1400186e8", "name": "exit"}, {"address": "0x1400186f0", "name": "_crt_atexit"}, {"address": "0x1400186f8", "name": "_cexit"}, {"address": "0x140018700", "name": "_seh_filter_exe"}, {"address": "0x140018708", "name": "_set_app_type"}, {"address": "0x140018710", "name": "_register_onexit_function"}, {"address": "0x140018718", "name": "_errno"}, {"address": "0x140018720", "name": "_initterm"}, {"address": "0x140018728", "name": "_initterm_e"}, {"address": "0x140018730", "name": "_exit"}, {"address": "0x140018738", "name": "_invalid_parameter_noinfo_noreturn"}, {"address": "0x140018740", "name": "__p___argc"}, {"address": "0x140018748", "name": "__p___argv"}, {"address": "0x140018750", "name": "_c_exit"}, {"address": "0x140018758", "name": "_register_thread_local_exe_atexit_callback"}, {"address": "0x140018760", "name": "_get_initial_narrow_environment"}]}, {"dll": "api-ms-win-crt-stdio-l1-1-0.dll", "imports": [{"address": "0x140018770", "name": "fclose"}, {"address": "0x140018778", "name": "__p__commode"}, {"address": "0x140018780", "name": "_set_fmode"}, {"address": "0x140018788", "name": "__stdio_common_vfprintf"}, {"address": "0x140018790", "name": "getchar"}, {"address": "0x140018798", "name": "fputc"}, {"address": "0x1400187a0", "name": "_wfopen_s"}, {"address": "0x1400187a8", "name": "__stdio_common_vswprintf_s"}, {"address": "0x1400187b0", "name": "__acrt_iob_func"}, {"address": "0x1400187b8", "name": "__stdio_common_vswprintf"}, {"address": "0x1400187c0", "name": "__stdio_common_vfwprintf"}]}, {"dll": "api-ms-win-crt-string-l1-1-0.dll", "imports": [{"address": "0x1400187d0", "name": "strtok_s"}, {"address": "0x1400187d8", "name": "_wcsicmp"}, {"address": "0x1400187e0", "name": "isxdigit"}]}, {"dll": "api-ms-win-crt-heap-l1-1-0.dll", "imports": [{"address": "0x140018668", "name": "realloc"}, {"address": "0x140018670", "name": "_set_new_mode"}, {"address": "0x140018678", "name": "free"}, {"address": "0x140018680", "name": "malloc"}, {"address": "0x140018688", "name": "calloc"}, {"address": "0x140018690", "name": "_callnewh"}]}, {"dll": "api-ms-win-crt-convert-l1-1-0.dll", "imports": [{"address": "0x140018658", "name": "_wcstoui64_l"}]}, {"dll": "api-ms-win-crt-locale-l1-1-0.dll", "imports": [{"address": "0x1400186a0", "name": "_configthreadlocale"}, {"address": "0x1400186a8", "name": "_get_current_locale"}]}, {"dll": "api-ms-win-crt-time-l1-1-0.dll", "imports": [{"address": "0x1400187f0", "name": "_wasctime_s"}, {"address": "0x1400187f8", "name": "_time64"}, {"address": "0x140018800", "name": "_localtime64_s"}]}, {"dll": "api-ms-win-crt-math-l1-1-0.dll", "imports": [{"address": "0x1400186b8", "name": "__setusermatherr"}]}], "pe_exports": [], "pe_sections": [{"name": ".text", "virtual_address": "0x00001000", "virtual_size": "0x000163c6", "size_of_data": "0x00016400", "entropy": 6.169959755260152}, {"name": ".rdata", "virtual_address": "0x00018000", "virtual_size": "0x0000e44a", "size_of_data": "0x0000e600", "entropy": 4.171212479088603}, {"name": ".data", "virtual_address": "0x00027000", "virtual_size": "0x00019108", "size_of_data": "0x00018c00", "entropy": 5.039666416230434}, {"name": ".pdata", "virtual_address": "0x00041000", "virtual_size": "0x000010bc", "size_of_data": "0x00001200", "entropy": 5.042418826858511}, {"name": ".rsrc", "virtual_address": "0x00043000", "virtual_size": "0x000003c8", "size_of_data": "0x00000400", "entropy": 5.244425490201556}, {"name": ".reloc", "virtual_address": "0x00044000", "virtual_size": "0x0000016c", "size_of_data": "0x00000200", "entropy": 4.213749220738659}], "pe_resources": [{"name": "RT_MANIFEST", "offset": "0x00043060", "size": "0x00000365", "filetype": "XML 1.0 document, Unicode text, UTF-8 (with BOM) text, with very long lines (809), with CRLF line terminators", "language": "LANG_ENGLISH", "sublanguage": "SUBLANG_ENGLISH_US"}], "pe_versioninfo": [], "pe_imphash": "d24bf250fca4e1bab423364c3b839bc6", "pe_timestamp": "2024-09-22T03:10:26", "signatures": []}}, "command": {}, "errors": {}}