{"id": "20250608-OTHOQI", "kind": "standard", "state": "finished", "settings": {"timeout": 300, "priority": 1, "platforms": [{"platform": "windows", "os_version": "10", "tags": [], "settings": {"browser": "", "command": [], "route": {}}}], "manual": true, "dump_memory": false, "options": {}, "enforce_timeout": true, "route": {"type": "internet", "options": {}}, "command": [], "orig_filename": false, "password": "infected", "browser": "", "extrpath": ["3c13ae9a53b29849fd3bb75d3259a23658cd687441f8bdd610487007c51d2eac.exe"]}, "created_on": {"__isodt__": "2025-06-08T10:09:39.134336"}, "category": "file", "submitted": {"size": 96654, "md5": "50f45e230d04d2ad505ac9e06160a97e", "sha1": "2b00455d024a1b81427b3c76f7e0ef37263075fb", "sha256": "b92066210bf8868f8c6c639f9dbf645e76e10e367b96dfce197621c862b506ea", "sha512": "2ea3baf996caef1faa318b08d23ed3520e3f0c919a684e1ee7090332c58d4c5ce0bb9e74f434bad249aa3f4ad1802cfac3141b11fd0d30a38499aa953dabbb9c", "media_type": "application/zip", "type": "Zip archive data, at least v5.1 to extract, compression method=AES Encrypted", "filename": "lockbit501.zip", "category": "file"}, "score": 10, "target": {"filename": "3c13ae9a53b29849fd3bb75d3259a23658cd687441f8bdd610487007c51d2eac.exe", "orig_filename": "3c13ae9a53b29849fd3bb75d3259a23658cd687441f8bdd610487007c51d2eac.exe", "platforms": [{"platform": "windows", "os_version": ""}], "machine_tags": [], "size": 150528, "filetype": "PE32 executable (GUI) Intel 80386, for MS Windows", "media_type": "application/x-dosexec", "extrpath": ["3c13ae9a53b29849fd3bb75d3259a23658cd687441f8bdd610487007c51d2eac.exe"], "container": false, "sha512": "239f6eba567c59cf956e4f6c8ffe6588bb2b16ede03e939f79db69ae23631881285475f634780a40f94038035fb1329743c9b57c92a9690ec927f6d372d9ca2e", "sha256": "3c13ae9a53b29849fd3bb75d3259a23658cd687441f8bdd610487007c51d2eac", "sha1": "5dd92a1ab1cfc5b73b5dcdb3edd6ea6d498339df", "md5": "11c051782c327c662507801124f0b95b"}, "errors": {}, "tasks": [{"id": "20250608-OTHOQI_1", "platform": "windows", "os_version": "10", "state": "reported", "score": 9, "started_on": {"__isodt__": "2025-06-08T10:09:53.564874"}, "stopped_on": {"__isodt__": "2025-06-08T10:15:14.553762"}}], "families": [], "tags": ["evasion"], "ttps": [{"id": "T1012", "name": "Query Registry", "tactics": ["Discovery"], "reference": "https://attack.mitre.org/techniques/T1012", "subtechniques": []}, {"id": "T1491.001", "name": "Internal Defacement", "tactics": ["Impact"], "reference": "https://attack.mitre.org/techniques/T1491/001", "subtechniques": []}, {"id": "T1497.001", "name": "System Checks", "tactics": ["Defense Evasion", "Discovery"], "reference": "https://attack.mitre.org/techniques/T1497/001", "subtechniques": []}, {"id": "T1562.001", "name": "Disable or Modify Tools", "tactics": ["Defense Evasion"], "reference": "https://attack.mitre.org/techniques/T1562/001", "subtechniques": []}, {"id": "T1082", "name": "System Information Discovery", "tactics": ["Discovery"], "reference": "https://attack.mitre.org/techniques/T1082", "subtechniques": []}, {"id": "T1070.004", "name": "File Deletion", "tactics": ["Defense Evasion"], "reference": "https://attack.mitre.org/techniques/T1070/004", "subtechniques": []}, {"id": "T1112", "name": "Modify Registry", "tactics": ["Defense Evasion"], "reference": "https://attack.mitre.org/techniques/T1112", "subtechniques": []}]}