{"analysis_id": "20250608-OTHOQI", "score": 10, "signatures": [{"name": "virustotal", "short_description": "Virustotal sources report this target as malicious", "description": "67 Virustotal antivirus engines detect this target as malicious", "ttps": [], "tags": [], "family": "", "iocs": {"truncated": false, "count": 67, "iocs": [{"truncated": false, "ioc": {"antivirus": "Kaspersky"}}, {"truncated": false, "ioc": {"antivirus": "Webroot"}}, {"truncated": false, "ioc": {"antivirus": "Lionic"}}, {"truncated": false, "ioc": {"antivirus": "TrendMicro-HouseCall"}}, {"truncated": false, "ioc": {"antivirus": "F-Secure"}}, {"truncated": false, "ioc": {"antivirus": "Antiy-AVL"}}, {"truncated": false, "ioc": {"antivirus": "ESET-NOD32"}}, {"truncated": false, "ioc": {"antivirus": "MicroWorld-eScan"}}, {"truncated": false, "ioc": {"antivirus": "K7AntiVirus"}}, {"truncated": false, "ioc": {"antivirus": "ViRobot"}}, {"truncated": false, "ioc": {"antivirus": "CAT-QuickHeal"}}, {"truncated": false, "ioc": {"antivirus": "DrWeb"}}, {"truncated": false, "ioc": {"antivirus": "VBA32"}}, {"truncated": false, "ioc": {"antivirus": "Emsisoft"}}, {"truncated": false, "ioc": {"antivirus": "Jiangmin"}}, {"truncated": false, "ioc": {"antivirus": "Gridinsoft"}}, {"truncated": false, "ioc": {"antivirus": "alibabacloud"}}, {"truncated": false, "ioc": {"antivirus": "Fortinet"}}, {"truncated": false, "ioc": {"antivirus": "Rising"}}, {"truncated": false, "ioc": {"antivirus": "ALYac"}}, {"truncated": false, "ioc": {"antivirus": "Varist"}}, {"truncated": false, "ioc": {"antivirus": "Avast"}}, {"truncated": false, "ioc": {"antivirus": "Cylance"}}, {"truncated": false, "ioc": {"antivirus": "Panda"}}, {"truncated": false, "ioc": {"antivirus": "Bkav"}}, {"truncated": false, "ioc": {"antivirus": "K7GW"}}, {"truncated": false, "ioc": {"antivirus": "Microsoft"}}, {"truncated": false, "ioc": {"antivirus": "Cynet"}}, {"truncated": false, "ioc": {"antivirus": "Symantec"}}, {"truncated": false, "ioc": {"antivirus": "Zillya"}}, {"truncated": false, "ioc": {"antivirus": "Xcitium"}}, {"truncated": false, "ioc": {"antivirus": "TACHYON"}}, {"truncated": false, "ioc": {"antivirus": "BitDefender"}}, {"truncated": false, "ioc": {"antivirus": "McAfee"}}, {"truncated": false, "ioc": {"antivirus": "AVG"}}, {"truncated": false, "ioc": {"antivirus": "CTX"}}, {"truncated": false, "ioc": {"antivirus": "Sangfor"}}, {"truncated": false, "ioc": {"antivirus": "Alibaba"}}, {"truncated": false, "ioc": {"antivirus": "ZoneAlarm"}}, {"truncated": false, "ioc": {"antivirus": "Paloalto"}}, {"truncated": false, "ioc": {"antivirus": "Trapmine"}}, {"truncated": false, "ioc": {"antivirus": "GData"}}, {"truncated": false, "ioc": {"antivirus": "VIPRE"}}, {"truncated": false, "ioc": {"antivirus": "Ikarus"}}, {"truncated": false, "ioc": {"antivirus": "Avira"}}, {"truncated": false, "ioc": {"antivirus": "CrowdStrike"}}, {"truncated": false, "ioc": {"antivirus": "McAfeeD"}}, {"truncated": false, "ioc": {"antivirus": "SentinelOne"}}, {"truncated": false, "ioc": {"antivirus": "Arcabit"}}, {"truncated": false, "ioc": {"antivirus": "DeepInstinct"}}, {"truncated": false, "ioc": {"antivirus": "ClamAV"}}, {"truncated": false, "ioc": {"antivirus": "AhnLab-V3"}}, {"truncated": false, "ioc": {"antivirus": "VirIT"}}, {"truncated": false, "ioc": {"antivirus": "Acronis"}}, {"truncated": false, "ioc": {"antivirus": "NANO-Antivirus"}}, {"truncated": false, "ioc": {"antivirus": "Malwarebytes"}}, {"truncated": false, "ioc": {"antivirus": "Google"}}, {"truncated": false, "ioc": {"antivirus": "Kingsoft"}}, {"truncated": false, "ioc": {"antivirus": "MaxSecure"}}, {"truncated": false, "ioc": {"antivirus": "Sophos"}}, {"truncated": false, "ioc": {"antivirus": "APEX"}}, {"truncated": false, "ioc": {"antivirus": "Yandex"}}, {"truncated": false, "ioc": {"antivirus": "Skyhigh"}}, {"truncated": false, "ioc": {"antivirus": "TrendMicro"}}, {"truncated": false, "ioc": {"antivirus": "huorong"}}, {"truncated": false, "ioc": {"antivirus": "Tencent"}}, {"truncated": false, "ioc": {"antivirus": "Elastic"}}]}, "score": 10}], "target": {"filename": "3c13ae9a53b29849fd3bb75d3259a23658cd687441f8bdd610487007c51d2eac.exe", "orig_filename": "3c13ae9a53b29849fd3bb75d3259a23658cd687441f8bdd610487007c51d2eac.exe", "platforms": [{"platform": "windows", "os_version": ""}], "machine_tags": [], "size": 150528, "filetype": "PE32 executable (GUI) Intel 80386, for MS Windows", "media_type": "application/x-dosexec", "extrpath": ["3c13ae9a53b29849fd3bb75d3259a23658cd687441f8bdd610487007c51d2eac.exe"], "container": false, "sha512": "239f6eba567c59cf956e4f6c8ffe6588bb2b16ede03e939f79db69ae23631881285475f634780a40f94038035fb1329743c9b57c92a9690ec927f6d372d9ca2e", "sha256": "3c13ae9a53b29849fd3bb75d3259a23658cd687441f8bdd610487007c51d2eac", "sha1": "5dd92a1ab1cfc5b73b5dcdb3edd6ea6d498339df", "md5": "11c051782c327c662507801124f0b95b"}, "category": "file", "ttps": [], "tags": [], "families": [], "platforms": [], "virustotal": {"avs": {"Bkav": {"method": "blacklist", "engine_name": "Bkav", "engine_version": "2.0.0.1", "engine_update": "20250514", "category": "malicious", "result": "W32.AIDetectMalware"}, "Lionic": {"method": "blacklist", "engine_name": "Lionic", "engine_version": "8.16", "engine_update": "20250514", "category": "malicious", "result": "Trojan.Win32.Lockbit.tsvY"}, "Elastic": {"method": "blacklist", "engine_name": "Elastic", "engine_version": "4.0.203", "engine_update": "20250505", "category": "malicious", "result": "Windows.Ransomware.Lockbit"}, "MicroWorld-eScan": {"method": "blacklist", "engine_name": "MicroWorld-eScan", "engine_version": "14.0.409.0", "engine_update": "20250514", "category": "malicious", "result": "Trojan.GenericKDZ.107474"}, "CTX": {"method": "blacklist", "engine_name": "CTX", "engine_version": "2024.8.29.1", "engine_update": "20250514", "category": "malicious", "result": "exe.ransomware.lockbit"}, "CAT-QuickHeal": {"method": "blacklist", "engine_name": "CAT-QuickHeal", "engine_version": "22.00", "engine_update": "20250513", "category": "malicious", "result": "Ransom.Lockbit.S28885638"}, "Skyhigh": {"method": "blacklist", "engine_name": "Skyhigh", "engine_version": "v2021.2.0+4045", "engine_update": "20250514", "category": "malicious", "result": "BehavesLike.Win32.BlackMatter.cc"}, "McAfee": {"method": "blacklist", "engine_name": "McAfee", "engine_version": "6.0.6.653", "engine_update": "20250513", "category": "malicious", "result": "BlackMatter!11C051782C32"}, "Malwarebytes": {"method": "blacklist", "engine_name": "Malwarebytes", "engine_version": "4.5.5.54", "engine_update": "20250514", "category": "malicious", "result": "Lockbit.Ransom.FileEncryptor.DDS"}, "Zillya": {"method": "blacklist", "engine_name": "Zillya", "engine_version": "2.0.0.5359", "engine_update": "20250513", "category": "malicious", "result": "Trojan.Filecoder.Win32.26935"}, "Sangfor": {"method": "blacklist", "engine_name": "Sangfor", "engine_version": "2.22.3.0", "engine_update": "20250514", "category": "malicious", "result": "Ransom.Win32.Save.LockBit30"}, "K7AntiVirus": {"method": "blacklist", "engine_name": "K7AntiVirus", "engine_version": "12.236.55743", "engine_update": "20250514", "category": "malicious", "result": "Trojan ( 0059b9cd1 )"}, "Alibaba": {"method": "blacklist", "engine_name": "Alibaba", "engine_version": "0.3.0.5", "engine_update": "20190527", "category": "malicious", "result": "Ransom:Win32/Lockbit.671ce84f"}, "K7GW": {"method": "blacklist", "engine_name": "K7GW", "engine_version": "12.236.55745", "engine_update": "20250514", "category": "malicious", "result": "Trojan ( 0059b9cd1 )"}, "CrowdStrike": {"method": "blacklist", "engine_name": "CrowdStrike", "engine_version": "1.0", "engine_update": "20231026", "category": "malicious", "result": "win/malicious_confidence_100% (W)"}, "Baidu": {"method": "blacklist", "engine_name": "Baidu", "engine_version": "1.0.0.2", "engine_update": "20190318", "category": "undetected", "result": null}, "VirIT": {"method": "blacklist", "engine_name": "VirIT", "engine_version": "9.5.953", "engine_update": "20250513", "category": "malicious", "result": "Trojan.Win32.Genus.WEG"}, "Symantec": {"method": "blacklist", "engine_name": "Symantec", "engine_version": "1.22.0.0", "engine_update": "20250514", "category": "malicious", "result": "Ransom.Gen"}, "tehtris": {"method": "blacklist", "engine_name": "tehtris", "engine_version": "v0.1.4", "engine_update": "20250514", "category": "undetected", "result": null}, "ESET-NOD32": {"method": "blacklist", "engine_name": "ESET-NOD32", "engine_version": "31195", "engine_update": "20250514", "category": "malicious", "result": "a variant of Win32/Filecoder.BlackMatter.M"}, "APEX": {"method": "blacklist", "engine_name": "APEX", "engine_version": "6.654", "engine_update": "20250513", "category": "malicious", "result": "Malicious"}, "TrendMicro-HouseCall": {"method": "blacklist", "engine_name": "TrendMicro-HouseCall", "engine_version": "24.550.0.1002", "engine_update": "20250514", "category": "malicious", "result": "Ransom.Win32.LOCKBIT.SMYXCJN"}, "Paloalto": {"method": "blacklist", "engine_name": "Paloalto", "engine_version": "0.9.0.1003", "engine_update": "20250514", "category": "malicious", "result": "generic.ml"}, "ClamAV": {"method": "blacklist", "engine_name": "ClamAV", "engine_version": "1.4.2.0", "engine_update": "20250513", "category": "malicious", "result": "Win.Ransomware.BlackMatter-9970818-0"}, "Kaspersky": {"method": "blacklist", "engine_name": "Kaspersky", "engine_version": "22.0.1.28", "engine_update": "20250514", "category": "malicious", "result": "HEUR:Trojan-Ransom.Win32.Generic"}, "BitDefender": {"method": "blacklist", "engine_name": "BitDefender", "engine_version": "7.2", "engine_update": "20250514", "category": "malicious", "result": "Trojan.GenericKDZ.107474"}, "NANO-Antivirus": {"method": "blacklist", "engine_name": "NANO-Antivirus", "engine_version": "1.0.170.26531", "engine_update": "20250514", "category": "malicious", "result": "Trojan.Win32.Encoder.jtarpu"}, "SUPERAntiSpyware": {"method": "blacklist", "engine_name": "SUPERAntiSpyware", "engine_version": "5.6.0.1032", "engine_update": "20250513", "category": "undetected", "result": null}, "Avast": {"method": "blacklist", "engine_name": "Avast", "engine_version": "23.9.8494.0", "engine_update": "20250514", "category": "malicious", "result": "Win32:MalwareX-gen [Ransom]"}, "Rising": {"method": "blacklist", "engine_name": "Rising", "engine_version": "25.0.0.28", "engine_update": "20250514", "category": "malicious", "result": "Ransom.LockBit!1.DFDC (CLASSIC)"}, "Emsisoft": {"method": "blacklist", "engine_name": "Emsisoft", "engine_version": "2024.8.0.61147", "engine_update": "20250514", "category": "malicious", "result": "Trojan.GenericKDZ.107474 (B)"}, "F-Secure": {"method": "blacklist", "engine_name": "F-Secure", "engine_version": "18.10.1547.307", "engine_update": "20250514", "category": "malicious", "result": "Backdoor.BDS/ZeroAccess.Gen7"}, "DrWeb": {"method": "blacklist", "engine_name": "DrWeb", "engine_version": "7.0.67.2170", "engine_update": "20250514", "category": "malicious", "result": "Trojan.Encoder.31074"}, "VIPRE": {"method": "blacklist", "engine_name": "VIPRE", "engine_version": "6.0.0.35", "engine_update": "20250513", "category": "malicious", "result": "Trojan.GenericKDZ.107474"}, "TrendMicro": {"method": "blacklist", "engine_name": "TrendMicro", "engine_version": "24.550.0.1002", "engine_update": "20250514", "category": "malicious", "result": "Ransom.Win32.LOCKBIT.SMYXCJN"}, "McAfeeD": {"method": "blacklist", "engine_name": "McAfeeD", "engine_version": "1.2.0.7977", "engine_update": "20250514", "category": "malicious", "result": "Real Protect-LS!11C051782C32"}, "SentinelOne": {"method": "blacklist", "engine_name": "SentinelOne", "engine_version": "25.1.1.1", "engine_update": "20250114", "category": "malicious", "result": "Static AI - Malicious PE"}, "Trapmine": {"method": "blacklist", "engine_name": "Trapmine", "engine_version": "4.0.4.0", "engine_update": "20250417", "category": "malicious", "result": "malicious.moderate.ml.score"}, "CMC": {"method": "blacklist", "engine_name": "CMC", "engine_version": "2.4.2022.1", "engine_update": "20250514", "category": "undetected", "result": null}, "Sophos": {"method": "blacklist", "engine_name": "Sophos", "engine_version": "3.0.3.0", "engine_update": "20250514", "category": "malicious", "result": "Mal/EncPk-HM"}, "Ikarus": {"method": "blacklist", "engine_name": "Ikarus", "engine_version": "6.3.30.0", "engine_update": "20250514", "category": "malicious", "result": "Trojan-Ransom.LockBit"}, "GData": {"method": "blacklist", "engine_name": "GData", "engine_version": "GD:27.40319AVA:64.29188", "engine_update": "20250514", "category": "malicious", "result": "Trojan.GenericKDZ.107474"}, "Jiangmin": {"method": "blacklist", "engine_name": "Jiangmin", "engine_version": "16.0.100", "engine_update": "20250513", "category": "malicious", "result": "Trojan.Generic.hmvpt"}, "Webroot": {"method": "blacklist", "engine_name": "Webroot", "engine_version": "1.9.0.8", "engine_update": "20250227", "category": "malicious", "result": "W32.Malware.gen"}, "Google": {"method": "blacklist", "engine_name": "Google", "engine_version": "1747207822", "engine_update": "20250514", "category": "malicious", "result": "Detected"}, "Avira": {"method": "blacklist", "engine_name": "Avira", "engine_version": "8.3.3.20", "engine_update": "20250514", "category": "malicious", "result": "BDS/ZeroAccess.Gen7"}, "Varist": {"method": "blacklist", "engine_name": "Varist", "engine_version": "6.6.1.3", "engine_update": "20250514", "category": "malicious", "result": "W32/Trojan.DPTH-0027"}, "Antiy-AVL": {"method": "blacklist", "engine_name": "Antiy-AVL", "engine_version": "3.0", "engine_update": "20250514", "category": "malicious", "result": "Trojan[Ransom]/Win32.LockBit.ha"}, "Kingsoft": {"method": "blacklist", "engine_name": "Kingsoft", "engine_version": "None", "engine_update": "20250513", "category": "malicious", "result": "malware.kb.a.1000"}, "Gridinsoft": {"method": "blacklist", "engine_name": "Gridinsoft", "engine_version": "1.0.216.174", "engine_update": "20250514", "category": "malicious", "result": "Ransom.Win32.AI.oa!s1"}, "Xcitium": {"method": "blacklist", "engine_name": "Xcitium", "engine_version": "37720", "engine_update": "20250513", "category": "malicious", "result": "Malware@#1b3hj12z18566"}, "Arcabit": {"method": "blacklist", "engine_name": "Arcabit", "engine_version": "2022.0.0.18", "engine_update": "20250514", "category": "malicious", "result": "Trojan.Generic.D1A3D2"}, "ViRobot": {"method": "blacklist", "engine_name": "ViRobot", "engine_version": "2014.3.20.0", "engine_update": "20250514", "category": "malicious", "result": "Trojan.Win32.LockBit.157184.A"}, "ZoneAlarm": {"method": "blacklist", "engine_name": "ZoneAlarm", "engine_version": "6.16-103870578", "engine_update": "20250514", "category": "malicious", "result": "Mal/EncPk-HM"}, "Microsoft": {"method": "blacklist", "engine_name": "Microsoft", "engine_version": "1.1.25030.1", "engine_update": "20250514", "category": "malicious", "result": "Ransom:Win32/Lockbit.HA!MTB"}, "Cynet": {"method": "blacklist", "engine_name": "Cynet", "engine_version": "4.0.3.4", "engine_update": "20250514", "category": "malicious", "result": "Malicious (score: 100)"}, "AhnLab-V3": {"method": "blacklist", "engine_name": "AhnLab-V3", "engine_version": "3.27.2.10550", "engine_update": "20250514", "category": "malicious", "result": "Ransomware/Win.LockBit.R521581"}, "Acronis": {"method": "blacklist", "engine_name": "Acronis", "engine_version": "1.2.0.121", "engine_update": "20240328", "category": "malicious", "result": "suspicious"}, "VBA32": {"method": "blacklist", "engine_name": "VBA32", "engine_version": "5.3.2", "engine_update": "20250513", "category": "malicious", "result": "Trojan.Encoder"}, "ALYac": {"method": "blacklist", "engine_name": "ALYac", "engine_version": "2.0.0.10", "engine_update": "20250514", "category": "malicious", "result": "Trojan.Ransom.LockBit"}, "TACHYON": {"method": "blacklist", "engine_name": "TACHYON", "engine_version": "2025-05-14.02", "engine_update": "20250514", "category": "malicious", "result": "Ransom/W32.Agent.150528.B"}, "Cylance": {"method": "blacklist", "engine_name": "Cylance", "engine_version": "3.0.0.0", "engine_update": "20250424", "category": "malicious", "result": "Unsafe"}, "Panda": {"method": "blacklist", "engine_name": "Panda", "engine_version": "4.6.4.2", "engine_update": "20250513", "category": "malicious", "result": "Trj/Genetic.gen"}, "Zoner": {"method": "blacklist", "engine_name": "Zoner", "engine_version": "2.2.2.0", "engine_update": "20250514", "category": "undetected", "result": null}, "Tencent": {"method": "blacklist", "engine_name": "Tencent", "engine_version": "1.0.0.1", "engine_update": "20250514", "category": "malicious", "result": "Trojan-Ransom.Win32.Crypmodng.gz"}, "Yandex": {"method": "blacklist", "engine_name": "Yandex", "engine_version": "5.5.2.24", "engine_update": "20250514", "category": "malicious", "result": "Trojan.Filecoder!HjuVfCjCfHY"}, "huorong": {"method": "blacklist", "engine_name": "huorong", "engine_version": "9efd0f5:9efd0f5:8ec5796:8ec5796", "engine_update": "20250513", "category": "malicious", "result": "HVM:Ransom/LockFile.b"}, "MaxSecure": {"method": "blacklist", "engine_name": "MaxSecure", "engine_version": "1.0.0.1", "engine_update": "20250514", "category": "malicious", "result": "Trojan.Malware.1728101.susgen"}, "Fortinet": {"method": "blacklist", "engine_name": "Fortinet", "engine_version": "7.0.30.0", "engine_update": "20250514", "category": "malicious", "result": "W32/Conwise.RCE!tr"}, "AVG": {"method": "blacklist", "engine_name": "AVG", "engine_version": "23.9.8494.0", "engine_update": "20250514", "category": "malicious", "result": "Win32:MalwareX-gen [Ransom]"}, "DeepInstinct": {"method": "blacklist", "engine_name": "DeepInstinct", "engine_version": "5.0.0.8", "engine_update": "20250513", "category": "malicious", "result": "MALICIOUS"}, "alibabacloud": {"method": "blacklist", "engine_name": "alibabacloud", "engine_version": "2.2.0", "engine_update": "20250321", "category": "malicious", "result": "RansomWare:Win/Lockbit.x1glab"}, "Trustlook": {"method": "blacklist", "engine_name": "Trustlook", "engine_version": "1.0", "engine_update": "20250514", "category": "type-unsupported", "result": null}, "SymantecMobileInsight": {"method": "blacklist", "engine_name": "SymantecMobileInsight", "engine_version": "2.0", "engine_update": "20250124", "category": "type-unsupported", "result": null}, "BitDefenderFalx": {"method": "blacklist", "engine_name": "BitDefenderFalx", "engine_version": "2.0.936", "engine_update": "20250416", "category": "type-unsupported", "result": null}, "Avast-Mobile": {"method": "blacklist", "engine_name": "Avast-Mobile", "engine_version": "250514-00", "engine_update": "20250514", "category": "type-unsupported", "result": null}}, "stats": {"malicious": 67, "suspicious": 0, "undetected": 5, "harmless": 0, "timeout": 0, "confirmed-timeout": 0, "failure": 0, "type-unsupported": 4}}, "static": {"pe": {"peid_signatures": ["AHTeam EP Protector 0.3 (fake PCGuard 4.03-4.15) -> FEUERRADER"], "pe_imports": [{"dll": "gdi32.dll", "imports": [{"address": "0x41a044", "name": "SetPixel"}, {"address": "0x41a048", "name": "GetPixel"}, {"address": "0x41a04c", "name": "SelectPalette"}, {"address": "0x41a050", "name": "SelectObject"}, {"address": "0x41a054", "name": "GetTextColor"}, {"address": "0x41a058", "name": "BitBlt"}, {"address": "0x41a05c", "name": "GetDeviceCaps"}, {"address": "0x41a060", "name": "CreateSolidBrush"}, {"address": "0x41a064", "name": "CreateFontW"}, {"address": "0x41a068", "name": "CreateDIBitmap"}]}, {"dll": "USER32.dll", "imports": [{"address": "0x41a024", "name": "LoadMenuW"}, {"address": "0x41a028", "name": "LoadImageW"}, {"address": "0x41a02c", "name": "CreateDialogParamW"}, {"address": "0x41a030", "name": "CreateWindowExW"}, {"address": "0x41a034", "name": "DefWindowProcW"}, {"address": "0x41a038", "name": "GetDlgItem"}, {"address": "0x41a03c", "name": "IsDlgButtonChecked"}]}, {"dll": "KERNEL32.dll", "imports": [{"address": "0x41a000", "name": "GetLastError"}, {"address": "0x41a004", "name": "GetProcAddress"}, {"address": "0x41a008", "name": "GetModuleHandleA"}, {"address": "0x41a00c", "name": "GetLocaleInfoW"}, {"address": "0x41a010", "name": "FreeLibrary"}, {"address": "0x41a014", "name": "GetFileAttributesW"}, {"address": "0x41a018", "name": "GetCommandLineW"}, {"address": "0x41a01c", "name": "GetCommandLineA"}]}], "pe_exports": [], "pe_sections": [{"name": ".text", "virtual_address": "0x00001000", "virtual_size": "0x00017d46", "size_of_data": "0x00017e00", "entropy": 6.613530972543989}, {"name": ".itext", "virtual_address": "0x00019000", "virtual_size": "0x00000569", "size_of_data": "0x00000600", "entropy": 3.0389614741823974}, {"name": ".rdata", "virtual_address": "0x0001a000", "virtual_size": "0x000004b2", "size_of_data": "0x00000600", "entropy": 3.6588662154359954}, {"name": ".data", "virtual_address": "0x0001b000", "virtual_size": "0x0000adc8", "size_of_data": "0x0000a000", "entropy": 7.988268783679153}, {"name": ".pdata", "virtual_address": "0x00026000", "virtual_size": "0x00000cb7", "size_of_data": "0x00000e00", "entropy": 7.6410768062707675}, {"name": ".reloc", "virtual_address": "0x00027000", "virtual_size": "0x00000fcc", "size_of_data": "0x00001000", "entropy": 6.728533295109}], "pe_resources": [], "pe_versioninfo": [], "pe_imphash": "914685b69f2ac2ff61b6b0f1883a054d", "pe_timestamp": "2022-09-14T01:30:57", "signatures": []}}, "command": {}, "errors": {}}