{"id": "20250609-3AOJH1", "kind": "standard", "state": "tasks_pending", "settings": {"timeout": 120, "priority": 1, "platforms": [{"platform": "windows", "os_version": "10", "tags": [], "settings": {"browser": "", "command": [], "route": {}}}], "manual": true, "dump_memory": false, "options": {}, "enforce_timeout": true, "route": {"type": "internet", "options": {}}, "command": [], "orig_filename": false, "password": "infected", "browser": "", "extrpath": ["Backdoor.Win32.Tyupkin.d.ViR"]}, "created_on": {"__isodt__": "2025-06-09T17:05:49.849496"}, "category": "file", "submitted": {"size": 588477, "md5": "69fbc6a70b315d827c524bea4b899c44", "sha1": "38ea7bae684864714599fb0d1e7f702967c5a35a", "sha256": "fb07fb7cb7b15ecb86920b74be2ec2b955ae356b464baa7415a7f257b0c02e98", "sha512": "9ad9c936bf869c30b2b0ecda4f362dbc43647ab6c9c0a8ed6a7ce12e7c42e6281340d93262a01c9ceb55765c05ea6ee043104ce9f178e3185c1fed3f18efa043", "media_type": "application/zip", "type": "Zip archive data, at least v2.0 to extract, compression method=deflate", "filename": "Backdoor.MSIL.Tyupkin.zip", "category": "file"}, "score": 10, "target": {"filename": "Backdoor.Win32.Tyupkin.d.ViR.exe", "orig_filename": "Backdoor.Win32.Tyupkin.d.ViR", "platforms": [{"platform": "windows", "os_version": ""}], "machine_tags": [], "size": 188416, "filetype": "PE32 executable (GUI) Intel 80386, for MS Windows", "media_type": "application/x-dosexec", "extrpath": ["Backdoor.Win32.Tyupkin.d.ViR.exe"], "container": false, "sha512": "2525fa3db19585a230bfa9f0fbf783f5839ab677a7ff53b96220619c6f4f7900a9b29812ecfcb9703b7c2b773867a6e9fea139f5e9e3afda8055ad16ccbcb91b", "sha256": "853fb4e85d8b0ad7c156ad6d3fc4b0340c8b29fa0548a3df758e7845ba8b23ae", "sha1": "bd8ab63f2544ca55858b6407e0b52d5494cf3715", "md5": "69be938abe7f28615d933d5ce155057c"}, "errors": {}, "tasks": [{"id": "20250609-3AOJH1_1", "platform": "windows", "os_version": "10", "state": "running", "score": 0, "started_on": {"__isodt__": "2025-06-09T17:06:06.024825"}}], "families": [], "tags": [], "ttps": []}