{"analysis_id": "20250609-3AOJH1", "score": 10, "signatures": [{"name": "virustotal", "short_description": "Virustotal sources report this target as malicious", "description": "60 Virustotal antivirus engines detect this target as malicious", "ttps": [], "tags": [], "family": "", "iocs": {"truncated": false, "count": 60, "iocs": [{"truncated": false, "ioc": {"antivirus": "Bkav"}}, {"truncated": false, "ioc": {"antivirus": "F-Secure"}}, {"truncated": false, "ioc": {"antivirus": "Sophos"}}, {"truncated": false, "ioc": {"antivirus": "Gridinsoft"}}, {"truncated": false, "ioc": {"antivirus": "Malwarebytes"}}, {"truncated": false, "ioc": {"antivirus": "Google"}}, {"truncated": false, "ioc": {"antivirus": "Yandex"}}, {"truncated": false, "ioc": {"antivirus": "huorong"}}, {"truncated": false, "ioc": {"antivirus": "MicroWorld-eScan"}}, {"truncated": false, "ioc": {"antivirus": "VIPRE"}}, {"truncated": false, "ioc": {"antivirus": "Antiy-AVL"}}, {"truncated": false, "ioc": {"antivirus": "DrWeb"}}, {"truncated": false, "ioc": {"antivirus": "MaxSecure"}}, {"truncated": false, "ioc": {"antivirus": "McAfeeD"}}, {"truncated": false, "ioc": {"antivirus": "alibabacloud"}}, {"truncated": false, "ioc": {"antivirus": "Alibaba"}}, {"truncated": false, "ioc": {"antivirus": "K7AntiVirus"}}, {"truncated": false, "ioc": {"antivirus": "Lionic"}}, {"truncated": false, "ioc": {"antivirus": "Zillya"}}, {"truncated": false, "ioc": {"antivirus": "Rising"}}, {"truncated": false, "ioc": {"antivirus": "Elastic"}}, {"truncated": false, "ioc": {"antivirus": "ZoneAlarm"}}, {"truncated": false, "ioc": {"antivirus": "Varist"}}, {"truncated": false, "ioc": {"antivirus": "Cylance"}}, {"truncated": false, "ioc": {"antivirus": "BitDefender"}}, {"truncated": false, "ioc": {"antivirus": "ViRobot"}}, {"truncated": false, "ioc": {"antivirus": "Panda"}}, {"truncated": false, "ioc": {"antivirus": "VBA32"}}, {"truncated": false, "ioc": {"antivirus": "Symantec"}}, {"truncated": false, "ioc": {"antivirus": "GData"}}, {"truncated": false, "ioc": {"antivirus": "Tencent"}}, {"truncated": false, "ioc": {"antivirus": "K7GW"}}, {"truncated": false, "ioc": {"antivirus": "ALYac"}}, {"truncated": false, "ioc": {"antivirus": "Avast"}}, {"truncated": false, "ioc": {"antivirus": "Jiangmin"}}, {"truncated": false, "ioc": {"antivirus": "AVG"}}, {"truncated": false, "ioc": {"antivirus": "NANO-Antivirus"}}, {"truncated": false, "ioc": {"antivirus": "Avira"}}, {"truncated": false, "ioc": {"antivirus": "APEX"}}, {"truncated": false, "ioc": {"antivirus": "VirIT"}}, {"truncated": false, "ioc": {"antivirus": "Emsisoft"}}, {"truncated": false, "ioc": {"antivirus": "DeepInstinct"}}, {"truncated": false, "ioc": {"antivirus": "CrowdStrike"}}, {"truncated": false, "ioc": {"antivirus": "Microsoft"}}, {"truncated": false, "ioc": {"antivirus": "Trapmine"}}, {"truncated": false, "ioc": {"antivirus": "CAT-QuickHeal"}}, {"truncated": false, "ioc": {"antivirus": "Arcabit"}}, {"truncated": false, "ioc": {"antivirus": "Ikarus"}}, {"truncated": false, "ioc": {"antivirus": "Skyhigh"}}, {"truncated": false, "ioc": {"antivirus": "Sangfor"}}, {"truncated": false, "ioc": {"antivirus": "Fortinet"}}, {"truncated": false, "ioc": {"antivirus": "ESET-NOD32"}}, {"truncated": false, "ioc": {"antivirus": "Webroot"}}, {"truncated": false, "ioc": {"antivirus": "TrendMicro"}}, {"truncated": false, "ioc": {"antivirus": "Xcitium"}}, {"truncated": false, "ioc": {"antivirus": "Kaspersky"}}, {"truncated": false, "ioc": {"antivirus": "TrendMicro-HouseCall"}}, {"truncated": false, "ioc": {"antivirus": "McAfee"}}, {"truncated": false, "ioc": {"antivirus": "CTX"}}, {"truncated": false, "ioc": {"antivirus": "AhnLab-V3"}}]}, "score": 10}], "target": {"filename": "Backdoor.Win32.Tyupkin.d.ViR.exe", "orig_filename": "Backdoor.Win32.Tyupkin.d.ViR", "platforms": [{"platform": "windows", "os_version": ""}], "machine_tags": [], "size": 188416, "filetype": "PE32 executable (GUI) Intel 80386, for MS Windows", "media_type": "application/x-dosexec", "extrpath": ["Backdoor.Win32.Tyupkin.d.ViR.exe"], "container": false, "sha512": "2525fa3db19585a230bfa9f0fbf783f5839ab677a7ff53b96220619c6f4f7900a9b29812ecfcb9703b7c2b773867a6e9fea139f5e9e3afda8055ad16ccbcb91b", "sha256": "853fb4e85d8b0ad7c156ad6d3fc4b0340c8b29fa0548a3df758e7845ba8b23ae", "sha1": "bd8ab63f2544ca55858b6407e0b52d5494cf3715", "md5": "69be938abe7f28615d933d5ce155057c"}, "category": "file", "ttps": [], "tags": [], "families": [], "platforms": [], "virustotal": {"avs": {"Bkav": {"method": "blacklist", "engine_name": "Bkav", "engine_version": "2.0.0.1", "engine_update": "20250511", "category": "malicious", "result": "W32.AIDetectMalware"}, "Lionic": {"method": "blacklist", "engine_name": "Lionic", "engine_version": "8.16", "engine_update": "20250511", "category": "malicious", "result": "Trojan.Win32.Tyupkin.tna1"}, "AVG": {"method": "blacklist", "engine_name": "AVG", "engine_version": "23.9.8494.0", "engine_update": "20250511", "category": "malicious", "result": "MSIL:Tyupkin-A [Trj]"}, "Elastic": {"method": "blacklist", "engine_name": "Elastic", "engine_version": "4.0.203", "engine_update": "20250505", "category": "malicious", "result": "malicious (high confidence)"}, "MicroWorld-eScan": {"method": "blacklist", "engine_name": "MicroWorld-eScan", "engine_version": "14.0.409.0", "engine_update": "20250511", "category": "malicious", "result": "Gen:Variant.Jaik.94608"}, "CMC": {"method": "blacklist", "engine_name": "CMC", "engine_version": "2.4.2022.1", "engine_update": "20250511", "category": "undetected", "result": null}, "CAT-QuickHeal": {"method": "blacklist", "engine_name": "CAT-QuickHeal", "engine_version": "22.00", "engine_update": "20250511", "category": "malicious", "result": "Trojan.Ghanarava.173282022255057c"}, "Skyhigh": {"method": "blacklist", "engine_name": "Skyhigh", "engine_version": "v2021.2.0+4045", "engine_update": "20250511", "category": "malicious", "result": "BackDoor-Pinpad!69BE938ABE7F"}, "ALYac": {"method": "blacklist", "engine_name": "ALYac", "engine_version": "2.0.0.10", "engine_update": "20250511", "category": "malicious", "result": "Backdoor.Tyupkin"}, "Cylance": {"method": "blacklist", "engine_name": "Cylance", "engine_version": "3.0.0.0", "engine_update": "20250424", "category": "malicious", "result": "Unsafe"}, "Zillya": {"method": "blacklist", "engine_name": "Zillya", "engine_version": "2.0.0.5357", "engine_update": "20250509", "category": "malicious", "result": "Backdoor.Tyupkin.Win32.1"}, "Sangfor": {"method": "blacklist", "engine_name": "Sangfor", "engine_version": "2.22.3.0", "engine_update": "20250510", "category": "malicious", "result": "Backdoor.Win32.Tyupkin.Vo9u"}, "K7AntiVirus": {"method": "blacklist", "engine_name": "K7AntiVirus", "engine_version": "12.235.55716", "engine_update": "20250511", "category": "malicious", "result": "Trojan ( 004aee841 )"}, "Alibaba": {"method": "blacklist", "engine_name": "Alibaba", "engine_version": "0.3.0.5", "engine_update": "20190527", "category": "malicious", "result": "Backdoor:Win32/Tyupkin.8d8b74a8"}, "K7GW": {"method": "blacklist", "engine_name": "K7GW", "engine_version": "12.235.55717", "engine_update": "20250511", "category": "malicious", "result": "Trojan ( 004aee841 )"}, "CrowdStrike": {"method": "blacklist", "engine_name": "CrowdStrike", "engine_version": "1.0", "engine_update": "20231026", "category": "malicious", "result": "win/malicious_confidence_100% (W)"}, "Baidu": {"method": "blacklist", "engine_name": "Baidu", "engine_version": "1.0.0.2", "engine_update": "20190318", "category": "undetected", "result": null}, "VirIT": {"method": "blacklist", "engine_name": "VirIT", "engine_version": "9.5.951", "engine_update": "20250509", "category": "malicious", "result": "Trojan.Win32.Ulssm.F"}, "Symantec": {"method": "blacklist", "engine_name": "Symantec", "engine_version": "1.22.0.0", "engine_update": "20250510", "category": "malicious", "result": "Backdoor.Padpin"}, "tehtris": {"method": "blacklist", "engine_name": "tehtris", "engine_version": "v0.1.4", "engine_update": "20250511", "category": "undetected", "result": null}, "ESET-NOD32": {"method": "blacklist", "engine_name": "ESET-NOD32", "engine_version": "31179", "engine_update": "20250511", "category": "malicious", "result": "Win32/Pinapter.A"}, "Cynet": {"method": "blacklist", "engine_name": "Cynet", "engine_version": "4.0.3.4", "engine_update": "20250511", "category": "undetected", "result": null}, "APEX": {"method": "blacklist", "engine_name": "APEX", "engine_version": "6.653", "engine_update": "20250510", "category": "malicious", "result": "Malicious"}, "Paloalto": {"method": "blacklist", "engine_name": "Paloalto", "engine_version": "0.9.0.1003", "engine_update": "20250511", "category": "undetected", "result": null}, "ClamAV": {"method": "blacklist", "engine_name": "ClamAV", "engine_version": "1.4.2.0", "engine_update": "20250511", "category": "undetected", "result": null}, "Kaspersky": {"method": "blacklist", "engine_name": "Kaspersky", "engine_version": "22.0.1.28", "engine_update": "20250511", "category": "malicious", "result": "Backdoor.Win32.Tyupkin.g"}, "BitDefender": {"method": "blacklist", "engine_name": "BitDefender", "engine_version": "7.2", "engine_update": "20250511", "category": "malicious", "result": "Gen:Variant.Jaik.94608"}, "NANO-Antivirus": {"method": "blacklist", "engine_name": "NANO-Antivirus", "engine_version": "1.0.170.26531", "engine_update": "20250511", "category": "malicious", "result": "Trojan.Win32.Tyupkin.drnmxt"}, "ViRobot": {"method": "blacklist", "engine_name": "ViRobot", "engine_version": "2014.3.20.0", "engine_update": "20250510", "category": "malicious", "result": "Backdoor.Win32.U.Tyupkin.188416"}, "Avast": {"method": "blacklist", "engine_name": "Avast", "engine_version": "23.9.8494.0", "engine_update": "20250511", "category": "malicious", "result": "MSIL:Tyupkin-A [Trj]"}, "Tencent": {"method": "blacklist", "engine_name": "Tencent", "engine_version": "1.0.0.1", "engine_update": "20250511", "category": "malicious", "result": "Malware.Win32.Gencirc.11d334dc"}, "Emsisoft": {"method": "blacklist", "engine_name": "Emsisoft", "engine_version": "2024.8.0.61147", "engine_update": "20250511", "category": "malicious", "result": "Gen:Variant.Jaik.94608 (B)"}, "F-Secure": {"method": "blacklist", "engine_name": "F-Secure", "engine_version": "18.10.1547.307", "engine_update": "20250511", "category": "malicious", "result": "Backdoor:W32/PadPin.A"}, "DrWeb": {"method": "blacklist", "engine_name": "DrWeb", "engine_version": "7.0.67.2170", "engine_update": "20250511", "category": "malicious", "result": "BackDoor.Padpin.1"}, "VIPRE": {"method": "blacklist", "engine_name": "VIPRE", "engine_version": "6.0.0.35", "engine_update": "20250511", "category": "malicious", "result": "Gen:Variant.Jaik.94608"}, "TrendMicro": {"method": "blacklist", "engine_name": "TrendMicro", "engine_version": "24.550.0.1002", "engine_update": "20250511", "category": "malicious", "result": "BKDR_PADPIN.B"}, "McAfeeD": {"method": "blacklist", "engine_name": "McAfeeD", "engine_version": "1.2.0.7977", "engine_update": "20250511", "category": "malicious", "result": "ti!853FB4E85D8B"}, "SentinelOne": {"method": "blacklist", "engine_name": "SentinelOne", "engine_version": "25.1.1.1", "engine_update": "20250114", "category": "undetected", "result": null}, "Trapmine": {"method": "blacklist", "engine_name": "Trapmine", "engine_version": "4.0.4.0", "engine_update": "20250417", "category": "malicious", "result": "malicious.high.ml.score"}, "CTX": {"method": "blacklist", "engine_name": "CTX", "engine_version": "2024.8.29.1", "engine_update": "20250511", "category": "malicious", "result": "exe.backdoor.tyupkin"}, "Sophos": {"method": "blacklist", "engine_name": "Sophos", "engine_version": "3.0.3.0", "engine_update": "20250511", "category": "malicious", "result": "Troj/Trackr-AH"}, "Ikarus": {"method": "blacklist", "engine_name": "Ikarus", "engine_version": "6.3.30.0", "engine_update": "20250511", "category": "malicious", "result": "Backdoor.Win32.Tyupkin"}, "GData": {"method": "blacklist", "engine_name": "GData", "engine_version": "GD:27.40286AVA:64.29177", "engine_update": "20250511", "category": "malicious", "result": "Gen:Variant.Jaik.94608"}, "Jiangmin": {"method": "blacklist", "engine_name": "Jiangmin", "engine_version": "16.0.100", "engine_update": "20250510", "category": "malicious", "result": "Backdoor.MSIL.gaja"}, "Webroot": {"method": "blacklist", "engine_name": "Webroot", "engine_version": "1.9.0.8", "engine_update": "20250227", "category": "malicious", "result": "Trojan.Tyupkin"}, "Varist": {"method": "blacklist", "engine_name": "Varist", "engine_version": "6.6.1.3", "engine_update": "20250511", "category": "malicious", "result": "W32/Backdoor.RAZA-5867"}, "Avira": {"method": "blacklist", "engine_name": "Avira", "engine_version": "8.3.3.20", "engine_update": "20250511", "category": "malicious", "result": "BDS/Rogue.912833"}, "Antiy-AVL": {"method": "blacklist", "engine_name": "Antiy-AVL", "engine_version": "3.0", "engine_update": "20250511", "category": "malicious", "result": "Trojan[Backdoor]/Win32.Tyupkin"}, "Kingsoft": {"method": "blacklist", "engine_name": "Kingsoft", "engine_version": "None", "engine_update": "20250511", "category": "undetected", "result": null}, "Gridinsoft": {"method": "blacklist", "engine_name": "Gridinsoft", "engine_version": "1.0.216.174", "engine_update": "20250511", "category": "malicious", "result": "Backdoor.Win32.Sidkey.cc!s1"}, "Xcitium": {"method": "blacklist", "engine_name": "Xcitium", "engine_version": "37718", "engine_update": "20250510", "category": "malicious", "result": "Malware@#xbsbb8pr52s8"}, "Arcabit": {"method": "blacklist", "engine_name": "Arcabit", "engine_version": "2022.0.0.18", "engine_update": "20250511", "category": "malicious", "result": "Trojan.Jaik.D17190"}, "SUPERAntiSpyware": {"method": "blacklist", "engine_name": "SUPERAntiSpyware", "engine_version": "5.6.0.1032", "engine_update": "20250510", "category": "undetected", "result": null}, "ZoneAlarm": {"method": "blacklist", "engine_name": "ZoneAlarm", "engine_version": "6.15-102623360", "engine_update": "20250511", "category": "malicious", "result": "Troj/Trackr-AH"}, "Microsoft": {"method": "blacklist", "engine_name": "Microsoft", "engine_version": "1.1.25030.1", "engine_update": "20250511", "category": "malicious", "result": "Backdoor:MSIL/Sidkey.A"}, "Google": {"method": "blacklist", "engine_name": "Google", "engine_version": "1746963036", "engine_update": "20250511", "category": "malicious", "result": "Detected"}, "AhnLab-V3": {"method": "blacklist", "engine_name": "AhnLab-V3", "engine_version": "3.27.2.10550", "engine_update": "20250511", "category": "malicious", "result": "Trojan/Win32.Tyupkin.C583357"}, "Acronis": {"method": "blacklist", "engine_name": "Acronis", "engine_version": "1.2.0.121", "engine_update": "20240328", "category": "undetected", "result": null}, "McAfee": {"method": "blacklist", "engine_name": "McAfee", "engine_version": "6.0.6.653", "engine_update": "20250511", "category": "malicious", "result": "BackDoor-Pinpad!69BE938ABE7F"}, "TACHYON": {"method": "blacklist", "engine_name": "TACHYON", "engine_version": "2025-05-11.02", "engine_update": "20250511", "category": "undetected", "result": null}, "VBA32": {"method": "blacklist", "engine_name": "VBA32", "engine_version": "5.3.2", "engine_update": "20250508", "category": "malicious", "result": "Backdoor.Tyupkin"}, "Malwarebytes": {"method": "blacklist", "engine_name": "Malwarebytes", "engine_version": "4.5.5.54", "engine_update": "20250511", "category": "malicious", "result": "Malware.AI.4091819632"}, "Panda": {"method": "blacklist", "engine_name": "Panda", "engine_version": "4.6.4.2", "engine_update": "20250511", "category": "malicious", "result": "Trj/Chgt.A"}, "TrendMicro-HouseCall": {"method": "blacklist", "engine_name": "TrendMicro-HouseCall", "engine_version": "24.550.0.1002", "engine_update": "20250511", "category": "malicious", "result": "BKDR_PADPIN.B"}, "Rising": {"method": "blacklist", "engine_name": "Rising", "engine_version": "25.0.0.28", "engine_update": "20250511", "category": "malicious", "result": "Backdoor.Tyupkin!8.4625 (TFE:5:0OkLQqv2rFC)"}, "Yandex": {"method": "blacklist", "engine_name": "Yandex", "engine_version": "5.5.2.24", "engine_update": "20250511", "category": "malicious", "result": "Backdoor.Tyupkin!HKbl5Z3nUZM"}, "huorong": {"method": "blacklist", "engine_name": "huorong", "engine_version": "6c5e98b:6c5e98b:2f44c58:2f44c58", "engine_update": "20250511", "category": "malicious", "result": "Trojan/Generic!6AAC42D6B1561199"}, "MaxSecure": {"method": "blacklist", "engine_name": "MaxSecure", "engine_version": "1.0.0.1", "engine_update": "20250509", "category": "malicious", "result": "Trojan.Malware.7850923.susgen"}, "Fortinet": {"method": "blacklist", "engine_name": "Fortinet", "engine_version": "7.0.30.0", "engine_update": "20250511", "category": "malicious", "result": "W32/Pinapter.A!tr"}, "Zoner": {"method": "blacklist", "engine_name": "Zoner", "engine_version": "2.2.2.0", "engine_update": "20250511", "category": "undetected", "result": null}, "DeepInstinct": {"method": "blacklist", "engine_name": "DeepInstinct", "engine_version": "5.0.0.8", "engine_update": "20250511", "category": "malicious", "result": "MALICIOUS"}, "alibabacloud": {"method": "blacklist", "engine_name": "alibabacloud", "engine_version": "2.2.0", "engine_update": "20250321", "category": "malicious", "result": "Backdoor:Win/Pinapter.A"}, "Trustlook": {"method": "blacklist", "engine_name": "Trustlook", "engine_version": "1.0", "engine_update": "20250511", "category": "type-unsupported", "result": null}, "SymantecMobileInsight": {"method": "blacklist", "engine_name": "SymantecMobileInsight", "engine_version": "2.0", "engine_update": "20250124", "category": "type-unsupported", "result": null}, "BitDefenderFalx": {"method": "blacklist", "engine_name": "BitDefenderFalx", "engine_version": "2.0.936", "engine_update": "20250416", "category": "type-unsupported", "result": null}, "Avast-Mobile": {"method": "blacklist", "engine_name": "Avast-Mobile", "engine_version": "250511-00", "engine_update": "20250511", "category": "type-unsupported", "result": null}}, "stats": {"malicious": 60, "suspicious": 0, "undetected": 12, "harmless": 0, "timeout": 0, "confirmed-timeout": 0, "failure": 0, "type-unsupported": 4}}, "static": {"pe": {"peid_signatures": ["Microsoft Visual C++ 8"], "pe_imports": [{"dll": "KERNEL32.dll", "imports": [{"address": "0x424028", "name": "SetStdHandle"}, {"address": "0x42402c", "name": "WriteConsoleW"}, {"address": "0x424030", "name": "GetConsoleOutputCP"}, {"address": "0x424034", "name": "WriteConsoleA"}, {"address": "0x424038", "name": "GetLocaleInfoW"}, {"address": "0x42403c", "name": "LCMapStringW"}, {"address": "0x424040", "name": "LCMapStringA"}, {"address": "0x424044", "name": "ReadFile"}, {"address": "0x424048", "name": "GetStringTypeW"}, {"address": "0x42404c", "name": "CreateFileA"}, {"address": "0x424050", "name": "IsValidCodePage"}, {"address": "0x424054", "name": "IsValidLocale"}, {"address": "0x424058", "name": "EnumSystemLocalesA"}, {"address": "0x42405c", "name": "GetLocaleInfoA"}, {"address": "0x424060", "name": "GetUserDefaultLCID"}, {"address": "0x424064", "name": "RtlUnwind"}, {"address": "0x424068", "name": "CompareStringA"}, {"address": "0x42406c", "name": "CompareStringW"}, {"address": "0x424070", "name": "SetEnvironmentVariableA"}, {"address": "0x424074", "name": "GetStringTypeA"}, {"address": "0x424078", "name": "GetCurrentProcessId"}, {"address": "0x42407c", "name": "GetTickCount"}, {"address": "0x424080", "name": "QueryPerformanceCounter"}, {"address": "0x424084", "name": "GetEnvironmentStringsW"}, {"address": "0x424088", "name": "FreeEnvironmentStringsW"}, {"address": "0x42408c", "name": "GetEnvironmentStrings"}, {"address": "0x424090", "name": "FreeEnvironmentStringsA"}, {"address": "0x424094", "name": "CloseHandle"}, {"address": "0x424098", "name": "FlushFileBuffers"}, {"address": "0x42409c", "name": "SetFilePointer"}, {"address": "0x4240a0", "name": "GetConsoleMode"}, {"address": "0x4240a4", "name": "GetConsoleCP"}, {"address": "0x4240a8", "name": "InitializeCriticalSection"}, {"address": "0x4240ac", "name": "CopyFileW"}, {"address": "0x4240b0", "name": "SetFileAttributesW"}, {"address": "0x4240b4", "name": "Sleep"}, {"address": "0x4240b8", "name": "GetCurrentProcess"}, {"address": "0x4240bc", "name": "GetLastError"}, {"address": "0x4240c0", "name": "FreeLibrary"}, {"address": "0x4240c4", "name": "GetProcAddress"}, {"address": "0x4240c8", "name": "LoadLibraryW"}, {"address": "0x4240cc", "name": "LoadLibraryA"}, {"address": "0x4240d0", "name": "InterlockedExchange"}, {"address": "0x4240d4", "name": "GetModuleFileNameA"}, {"address": "0x4240d8", "name": "HeapFree"}, {"address": "0x4240dc", "name": "TerminateProcess"}, {"address": "0x4240e0", "name": "UnhandledExceptionFilter"}, {"address": "0x4240e4", "name": "SetUnhandledExceptionFilter"}, {"address": "0x4240e8", "name": "IsDebuggerPresent"}, {"address": "0x4240ec", "name": "GetSystemTimeAsFileTime"}, {"address": "0x4240f0", "name": "WideCharToMultiByte"}, {"address": "0x4240f4", "name": "DeleteFileA"}, {"address": "0x4240f8", "name": "MultiByteToWideChar"}, {"address": "0x4240fc", "name": "GetModuleHandleA"}, {"address": "0x424100", "name": "ExitProcess"}, {"address": "0x424104", "name": "ExitThread"}, {"address": "0x424108", "name": "GetCurrentThreadId"}, {"address": "0x42410c", "name": "CreateThread"}, {"address": "0x424110", "name": "GetCommandLineA"}, {"address": "0x424114", "name": "GetVersionExA"}, {"address": "0x424118", "name": "HeapAlloc"}, {"address": "0x42411c", "name": "GetProcessHeap"}, {"address": "0x424120", "name": "GetStartupInfoA"}, {"address": "0x424124", "name": "HeapDestroy"}, {"address": "0x424128", "name": "HeapCreate"}, {"address": "0x42412c", "name": "VirtualFree"}, {"address": "0x424130", "name": "DeleteCriticalSection"}, {"address": "0x424134", "name": "LeaveCriticalSection"}, {"address": "0x424138", "name": "EnterCriticalSection"}, {"address": "0x42413c", "name": "VirtualAlloc"}, {"address": "0x424140", "name": "HeapReAlloc"}, {"address": "0x424144", "name": "RaiseException"}, {"address": "0x424148", "name": "InterlockedIncrement"}, {"address": "0x42414c", "name": "InterlockedDecrement"}, {"address": "0x424150", "name": "TlsGetValue"}, {"address": "0x424154", "name": "TlsAlloc"}, {"address": "0x424158", "name": "TlsSetValue"}, {"address": "0x42415c", "name": "TlsFree"}, {"address": "0x424160", "name": "SetLastError"}, {"address": "0x424164", "name": "SetHandleCount"}, {"address": "0x424168", "name": "GetStdHandle"}, {"address": "0x42416c", "name": "GetFileType"}, {"address": "0x424170", "name": "GetTimeZoneInformation"}, {"address": "0x424174", "name": "HeapSize"}, {"address": "0x424178", "name": "GetCPInfo"}, {"address": "0x42417c", "name": "GetACP"}, {"address": "0x424180", "name": "GetOEMCP"}, {"address": "0x424184", "name": "WriteFile"}]}, {"dll": "USER32.dll", "imports": [{"address": "0x4241b8", "name": "GetDesktopWindow"}, {"address": "0x4241bc", "name": "GetWindowRect"}, {"address": "0x4241c0", "name": "ShowWindow"}, {"address": "0x4241c4", "name": "SetWindowTextW"}, {"address": "0x4241c8", "name": "ReleaseDC"}, {"address": "0x4241cc", "name": "DispatchMessageW"}, {"address": "0x4241d0", "name": "TranslateMessage"}, {"address": "0x4241d4", "name": "GetMessageW"}, {"address": "0x4241d8", "name": "GetDC"}, {"address": "0x4241dc", "name": "UpdateWindow"}, {"address": "0x4241e0", "name": "CreateWindowExW"}, {"address": "0x4241e4", "name": "MessageBoxW"}, {"address": "0x4241e8", "name": "RegisterClassExW"}, {"address": "0x4241ec", "name": "LoadCursorW"}, {"address": "0x4241f0", "name": "LoadIconW"}, {"address": "0x4241f4", "name": "DefWindowProcW"}, {"address": "0x4241f8", "name": "PostQuitMessage"}, {"address": "0x4241fc", "name": "EndPaint"}, {"address": "0x424200", "name": "BeginPaint"}, {"address": "0x424204", "name": "DestroyWindow"}, {"address": "0x424208", "name": "SendMessageW"}, {"address": "0x42420c", "name": "SystemParametersInfoW"}, {"address": "0x424210", "name": "wsprintfW"}]}, {"dll": "GDI32.dll", "imports": [{"address": "0x424014", "name": "SetTextColor"}, {"address": "0x424018", "name": "SetBkColor"}, {"address": "0x42401c", "name": "CreateFontIndirectW"}, {"address": "0x424020", "name": "CreateSolidBrush"}]}, {"dll": "SHELL32.dll", "imports": [{"address": "0x4241ac", "name": "SHGetFolderPathW"}, {"address": "0x4241b0", "name": "ShellExecuteW"}]}, {"dll": "MSXFS.dll", "imports": [{"address": "0x42418c", "name": "WFSClose"}, {"address": "0x424190", "name": "WFSCleanUp"}, {"address": "0x424194", "name": "WFSGetInfo"}, {"address": "0x424198", "name": "WFSExecute"}, {"address": "0x42419c", "name": "WFSOpen"}, {"address": "0x4241a0", "name": "WFSStartUp"}, {"address": "0x4241a4", "name": "WFSFreeResult"}]}, {"dll": "ADVAPI32.dll", "imports": [{"address": "0x424000", "name": "RegDeleteValueW"}, {"address": "0x424004", "name": "RegCloseKey"}, {"address": "0x424008", "name": "RegOpenKeyExW"}, {"address": "0x42400c", "name": "RegSetValueExW"}]}, {"dll": "ole32.dll", "imports": [{"address": "0x424218", "name": "CoInitialize"}, {"address": "0x42421c", "name": "CoUninitialize"}, {"address": "0x424220", "name": "CoCreateInstance"}]}], "pe_exports": [], "pe_sections": [{"name": ".text", "virtual_address": "0x00001000", "virtual_size": "0x00022e9b", "size_of_data": "0x00023000", "entropy": 6.711033423967284}, {"name": ".rdata", "virtual_address": "0x00024000", "virtual_size": "0x00006962", "size_of_data": "0x00007000", "entropy": 4.919681305781389}, {"name": ".data", "virtual_address": "0x0002b000", "virtual_size": "0x00003cbc", "size_of_data": "0x00002000", "entropy": 3.0135551144606953}, {"name": ".rsrc", "virtual_address": "0x0002f000", "virtual_size": "0x000000b0", "size_of_data": "0x00001000", "entropy": 3.057350261660282}], "pe_resources": [{"name": "RT_MANIFEST", "offset": "0x0002f058", "size": "0x00000056", "filetype": "ASCII text, with CRLF line terminators", "language": "LANG_ENGLISH", "sublanguage": "SUBLANG_ENGLISH_US"}], "pe_versioninfo": [], "pe_imphash": "552bc4b754816adec0ce8079c17dd7cf", "pe_timestamp": "2014-05-08T18:32:38", "signatures": []}}, "command": {}, "errors": {}}