{"id": "20250609-51Z6NQ", "kind": "standard", "state": "finished", "settings": {"timeout": 120, "priority": 1, "platforms": [{"platform": "windows", "os_version": "10", "tags": [], "settings": {"browser": "", "command": [], "route": {}}}], "manual": true, "dump_memory": false, "options": {}, "enforce_timeout": true, "route": {"type": "internet", "options": {}}, "command": [], "orig_filename": false, "password": "infected", "browser": "", "extrpath": ["eefa052da01c3faa1d1f516ddfefa8ceb8a5185bb9b5368142ffdf839aea4506"]}, "created_on": {"__isodt__": "2025-06-09T17:03:00.915902"}, "category": "file", "submitted": {"size": 186884, "md5": "089dcd9480fa127da76645e445c3e909", "sha1": "404fa8d1eb068452b0ee18a22cea2716d156bd10", "sha256": "01ee80fae9882c4905390a2927895e6bdcf74b1a5662c7577ab185b3c826b64b", "sha512": "16850e2a2972ba31830661f19edfbea9e72ae7081d27b517e3e707ba0b2ae80e4128c0e99b41c3104f1ac3d4904d8b1fd78f184b56eaf368b8a5b050e88d554c", "media_type": "application/zip", "type": "Zip archive data, at least v2.0 to extract, compression method=deflate", "filename": "Trojan.Ransom.Petya.zip", "category": "file"}, "score": 10, "target": {"filename": "eefa052da01c3faa1d1f516ddfefa8ceb8a5185bb9b5368142ffdf839aea4506.exe", "orig_filename": "eefa052da01c3faa1d1f516ddfefa8ceb8a5185bb9b5368142ffdf839aea4506", "platforms": [{"platform": "windows", "os_version": ""}], "machine_tags": [], "size": 335872, "filetype": "PE32 executable (GUI) Intel 80386, for MS Windows", "media_type": "application/x-dosexec", "extrpath": ["eefa052da01c3faa1d1f516ddfefa8ceb8a5185bb9b5368142ffdf839aea4506.exe"], "container": false, "sha512": "95a0d62f02b29a48b1988cba6610b6410327f52ef918fd83fe2565d3767ab202d2a9aef6bcf47234c7c7200c49b71b80cd0430a7b6e55885f7a4b54a69e0dc2e", "sha256": "eefa052da01c3faa1d1f516ddfefa8ceb8a5185bb9b5368142ffdf839aea4506", "sha1": "b649b9bc9436d373fd09a89ed71840aa7ac5ec54", "md5": "8ed9a60127aee45336102bf12059a850"}, "errors": {}, "tasks": [{"id": "20250609-51Z6NQ_1", "platform": "windows", "os_version": "10", "state": "reported", "score": 7, "started_on": {"__isodt__": "2025-06-09T17:03:10.222913"}, "stopped_on": {"__isodt__": "2025-06-09T17:05:26.895989"}}], "families": [], "tags": [], "ttps": [{"id": "T1082", "name": "System Information Discovery", "tactics": ["Discovery"], "reference": "https://attack.mitre.org/techniques/T1082", "subtechniques": []}, {"id": "T1497.001", "name": "System Checks", "tactics": ["Defense Evasion", "Discovery"], "reference": "https://attack.mitre.org/techniques/T1497/001", "subtechniques": []}, {"id": "T1012", "name": "Query Registry", "tactics": ["Discovery"], "reference": "https://attack.mitre.org/techniques/T1012", "subtechniques": []}]}