{"analysis_id": "20250609-51Z6NQ", "score": 10, "signatures": [{"name": "virustotal", "short_description": "Virustotal sources report this target as malicious", "description": "47 Virustotal antivirus engines detect this target as malicious", "ttps": [], "tags": [], "family": "", "iocs": {"truncated": false, "count": 47, "iocs": [{"truncated": false, "ioc": {"antivirus": "F-Secure"}}, {"truncated": false, "ioc": {"antivirus": "Sophos"}}, {"truncated": false, "ioc": {"antivirus": "Google"}}, {"truncated": false, "ioc": {"antivirus": "MicroWorld-eScan"}}, {"truncated": false, "ioc": {"antivirus": "VIPRE"}}, {"truncated": false, "ioc": {"antivirus": "Antiy-AVL"}}, {"truncated": false, "ioc": {"antivirus": "DrWeb"}}, {"truncated": false, "ioc": {"antivirus": "McAfeeD"}}, {"truncated": false, "ioc": {"antivirus": "alibabacloud"}}, {"truncated": false, "ioc": {"antivirus": "Alibaba"}}, {"truncated": false, "ioc": {"antivirus": "K7AntiVirus"}}, {"truncated": false, "ioc": {"antivirus": "Lionic"}}, {"truncated": false, "ioc": {"antivirus": "Rising"}}, {"truncated": false, "ioc": {"antivirus": "Elastic"}}, {"truncated": false, "ioc": {"antivirus": "Varist"}}, {"truncated": false, "ioc": {"antivirus": "Cylance"}}, {"truncated": false, "ioc": {"antivirus": "BitDefender"}}, {"truncated": false, "ioc": {"antivirus": "Panda"}}, {"truncated": false, "ioc": {"antivirus": "Symantec"}}, {"truncated": false, "ioc": {"antivirus": "GData"}}, {"truncated": false, "ioc": {"antivirus": "Tencent"}}, {"truncated": false, "ioc": {"antivirus": "K7GW"}}, {"truncated": false, "ioc": {"antivirus": "ALYac"}}, {"truncated": false, "ioc": {"antivirus": "Avast"}}, {"truncated": false, "ioc": {"antivirus": "AVG"}}, {"truncated": false, "ioc": {"antivirus": "NANO-Antivirus"}}, {"truncated": false, "ioc": {"antivirus": "Avira"}}, {"truncated": false, "ioc": {"antivirus": "Kingsoft"}}, {"truncated": false, "ioc": {"antivirus": "APEX"}}, {"truncated": false, "ioc": {"antivirus": "VirIT"}}, {"truncated": false, "ioc": {"antivirus": "Emsisoft"}}, {"truncated": false, "ioc": {"antivirus": "CrowdStrike"}}, {"truncated": false, "ioc": {"antivirus": "Paloalto"}}, {"truncated": false, "ioc": {"antivirus": "Microsoft"}}, {"truncated": false, "ioc": {"antivirus": "CAT-QuickHeal"}}, {"truncated": false, "ioc": {"antivirus": "Arcabit"}}, {"truncated": false, "ioc": {"antivirus": "Cynet"}}, {"truncated": false, "ioc": {"antivirus": "Ikarus"}}, {"truncated": false, "ioc": {"antivirus": "Sangfor"}}, {"truncated": false, "ioc": {"antivirus": "Fortinet"}}, {"truncated": false, "ioc": {"antivirus": "ESET-NOD32"}}, {"truncated": false, "ioc": {"antivirus": "TrendMicro"}}, {"truncated": false, "ioc": {"antivirus": "Xcitium"}}, {"truncated": false, "ioc": {"antivirus": "TrellixENS"}}, {"truncated": false, "ioc": {"antivirus": "Kaspersky"}}, {"truncated": false, "ioc": {"antivirus": "TrendMicro-HouseCall"}}, {"truncated": false, "ioc": {"antivirus": "CTX"}}]}, "score": 10}], "target": {"filename": "eefa052da01c3faa1d1f516ddfefa8ceb8a5185bb9b5368142ffdf839aea4506.exe", "orig_filename": "eefa052da01c3faa1d1f516ddfefa8ceb8a5185bb9b5368142ffdf839aea4506", "platforms": [{"platform": "windows", "os_version": ""}], "machine_tags": [], "size": 335872, "filetype": "PE32 executable (GUI) Intel 80386, for MS Windows", "media_type": "application/x-dosexec", "extrpath": ["eefa052da01c3faa1d1f516ddfefa8ceb8a5185bb9b5368142ffdf839aea4506.exe"], "container": false, "sha512": "95a0d62f02b29a48b1988cba6610b6410327f52ef918fd83fe2565d3767ab202d2a9aef6bcf47234c7c7200c49b71b80cd0430a7b6e55885f7a4b54a69e0dc2e", "sha256": "eefa052da01c3faa1d1f516ddfefa8ceb8a5185bb9b5368142ffdf839aea4506", "sha1": "b649b9bc9436d373fd09a89ed71840aa7ac5ec54", "md5": "8ed9a60127aee45336102bf12059a850"}, "category": "file", "ttps": [], "tags": [], "families": [], "platforms": [], "virustotal": {"avs": {"Bkav": {"method": "blacklist", "engine_name": "Bkav", "engine_version": "2.0.0.1", "engine_update": "20250603", "category": "undetected", "result": null}, "Lionic": {"method": "blacklist", "engine_name": "Lionic", "engine_version": "8.16", "engine_update": "20250603", "category": "malicious", "result": "Trojan.Win32.Mischa.4!c"}, "AVG": {"method": "blacklist", "engine_name": "AVG", "engine_version": "23.9.8494.0", "engine_update": "20250603", "category": "malicious", "result": "Win32:Malware-gen"}, "Elastic": {"method": "blacklist", "engine_name": "Elastic", "engine_version": "4.0.208", "engine_update": "20250528", "category": "malicious", "result": "malicious (moderate confidence)"}, "MicroWorld-eScan": {"method": "blacklist", "engine_name": "MicroWorld-eScan", "engine_version": "14.0.409.0", "engine_update": "20250603", "category": "malicious", "result": "Trojan.GenericKD.3527001"}, "CTX": {"method": "blacklist", "engine_name": "CTX", "engine_version": "2024.8.29.1", "engine_update": "20250604", "category": "malicious", "result": "exe.trojan.patched"}, "CAT-QuickHeal": {"method": "blacklist", "engine_name": "CAT-QuickHeal", "engine_version": "22.00", "engine_update": "20250603", "category": "malicious", "result": "Trojan.Ghanarava.174618820859a850"}, "ALYac": {"method": "blacklist", "engine_name": "ALYac", "engine_version": "2.0.0.10", "engine_update": "20250603", "category": "malicious", "result": "Trojan.GenericKD.3527001"}, "Cylance": {"method": "blacklist", "engine_name": "Cylance", "engine_version": "3.0.0.0", "engine_update": "20250529", "category": "malicious", "result": "Unsafe"}, "Sangfor": {"method": "blacklist", "engine_name": "Sangfor", "engine_version": "2.22.3.0", "engine_update": "20250602", "category": "malicious", "result": "Trojan.Win32.Petya.Vsuw"}, "K7AntiVirus": {"method": "blacklist", "engine_name": "K7AntiVirus", "engine_version": "12.240.55939", "engine_update": "20250603", "category": "malicious", "result": "Trojan ( 004f08961 )"}, "Alibaba": {"method": "blacklist", "engine_name": "Alibaba", "engine_version": "0.3.0.5", "engine_update": "20190527", "category": "malicious", "result": "Trojan:Win32/Mischa.5620f8db"}, "K7GW": {"method": "blacklist", "engine_name": "K7GW", "engine_version": "12.240.55950", "engine_update": "20250603", "category": "malicious", "result": "Trojan ( 004f08961 )"}, "CrowdStrike": {"method": "blacklist", "engine_name": "CrowdStrike", "engine_version": "1.0", "engine_update": "20231026", "category": "malicious", "result": "win/malicious_confidence_100% (W)"}, "Baidu": {"method": "blacklist", "engine_name": "Baidu", "engine_version": "1.0.0.2", "engine_update": "20190318", "category": "undetected", "result": null}, "VirIT": {"method": "blacklist", "engine_name": "VirIT", "engine_version": "9.5.967", "engine_update": "20250603", "category": "malicious", "result": "Trojan.Win32.Genus.REC"}, "Symantec": {"method": "blacklist", "engine_name": "Symantec", "engine_version": "1.22.0.0", "engine_update": "20250603", "category": "malicious", "result": "Trojan.Gen.6"}, "tehtris": {"method": "blacklist", "engine_name": "tehtris", "engine_version": "v0.1.4", "engine_update": "20250604", "category": "undetected", "result": null}, "ESET-NOD32": {"method": "blacklist", "engine_name": "ESET-NOD32", "engine_version": "31305", "engine_update": "20250603", "category": "malicious", "result": "a variant of Win32/Diskcoder.Petya.C"}, "Cynet": {"method": "blacklist", "engine_name": "Cynet", "engine_version": "4.0.3.4", "engine_update": "20250603", "category": "malicious", "result": "Malicious (score: 99)"}, "TrendMicro-HouseCall": {"method": "blacklist", "engine_name": "TrendMicro-HouseCall", "engine_version": "24.550.0.1002", "engine_update": "20250603", "category": "malicious", "result": "Ransom_MISCHA.B"}, "Paloalto": {"method": "blacklist", "engine_name": "Paloalto", "engine_version": "0.9.0.1003", "engine_update": "20250604", "category": "malicious", "result": "generic.ml"}, "ClamAV": {"method": "blacklist", "engine_name": "ClamAV", "engine_version": "1.4.2.0", "engine_update": "20250603", "category": "undetected", "result": null}, "Kaspersky": {"method": "blacklist", "engine_name": "Kaspersky", "engine_version": "22.0.1.28", "engine_update": "20250603", "category": "malicious", "result": "Trojan.Win32.Patched.oct"}, "BitDefender": {"method": "blacklist", "engine_name": "BitDefender", "engine_version": "7.2", "engine_update": "20250603", "category": "malicious", "result": "Trojan.GenericKD.3527001"}, "NANO-Antivirus": {"method": "blacklist", "engine_name": "NANO-Antivirus", "engine_version": "1.0.170.26710", "engine_update": "20250603", "category": "malicious", "result": "Trojan.Win32.Petr.ehfcnr"}, "ViRobot": {"method": "blacklist", "engine_name": "ViRobot", "engine_version": "2014.3.20.0", "engine_update": "20250603", "category": "undetected", "result": null}, "Avast": {"method": "blacklist", "engine_name": "Avast", "engine_version": "23.9.8494.0", "engine_update": "20250603", "category": "malicious", "result": "Win32:Malware-gen"}, "Tencent": {"method": "blacklist", "engine_name": "Tencent", "engine_version": "1.0.0.1", "engine_update": "20250604", "category": "malicious", "result": "Win32.Trojan.Patched.Fwnw"}, "Emsisoft": {"method": "blacklist", "engine_name": "Emsisoft", "engine_version": "2024.8.0.61147", "engine_update": "20250603", "category": "malicious", "result": "Trojan.GenericKD.3527001 (B)"}, "F-Secure": {"method": "blacklist", "engine_name": "F-Secure", "engine_version": "18.10.1547.307", "engine_update": "20250603", "category": "malicious", "result": "Trojan.TR/Agent.nhthf"}, "DrWeb": {"method": "blacklist", "engine_name": "DrWeb", "engine_version": "7.0.67.2170", "engine_update": "20250603", "category": "malicious", "result": "Trojan.MBRlock.268"}, "VIPRE": {"method": "blacklist", "engine_name": "VIPRE", "engine_version": "6.0.0.35", "engine_update": "20250603", "category": "malicious", "result": "Trojan.GenericKD.3527001"}, "TrendMicro": {"method": "blacklist", "engine_name": "TrendMicro", "engine_version": "24.550.0.1002", "engine_update": "20250603", "category": "malicious", "result": "Ransom_MISCHA.B"}, "McAfeeD": {"method": "blacklist", "engine_name": "McAfeeD", "engine_version": "1.2.0.10275", "engine_update": "20250604", "category": "malicious", "result": "ti!EEFA052DA01C"}, "SentinelOne": {"method": "blacklist", "engine_name": "SentinelOne", "engine_version": "25.1.1.1", "engine_update": "20250114", "category": "undetected", "result": null}, "Trapmine": {"method": "blacklist", "engine_name": "Trapmine", "engine_version": "4.0.4.0", "engine_update": "20250515", "category": "undetected", "result": null}, "CMC": {"method": "blacklist", "engine_name": "CMC", "engine_version": "2.4.2022.1", "engine_update": "20250603", "category": "undetected", "result": null}, "Sophos": {"method": "blacklist", "engine_name": "Sophos", "engine_version": "3.0.3.0", "engine_update": "20250603", "category": "malicious", "result": "Mal/Generic-S"}, "Ikarus": {"method": "blacklist", "engine_name": "Ikarus", "engine_version": "6.4.16.0", "engine_update": "20250603", "category": "malicious", "result": "Trojan.Win32.Diskcoder"}, "Jiangmin": {"method": "blacklist", "engine_name": "Jiangmin", "engine_version": "16.0.100", "engine_update": "20250602", "category": "undetected", "result": null}, "Webroot": {"method": "blacklist", "engine_name": "Webroot", "engine_version": "1.9.0.8", "engine_update": "20250227", "category": "undetected", "result": null}, "Varist": {"method": "blacklist", "engine_name": "Varist", "engine_version": "6.6.1.3", "engine_update": "20250603", "category": "malicious", "result": "W32/Trojan.SFVN-3363"}, "Avira": {"method": "blacklist", "engine_name": "Avira", "engine_version": "8.3.3.20", "engine_update": "20250603", "category": "malicious", "result": "TR/Agent.nhthf"}, "Antiy-AVL": {"method": "blacklist", "engine_name": "Antiy-AVL", "engine_version": "3.0", "engine_update": "20250603", "category": "malicious", "result": "Trojan/Win32.Patched"}, "Kingsoft": {"method": "blacklist", "engine_name": "Kingsoft", "engine_version": "None", "engine_update": "20250603", "category": "malicious", "result": "Win32.Infected.AutoInfector.a"}, "Microsoft": {"method": "blacklist", "engine_name": "Microsoft", "engine_version": "1.1.25040.1", "engine_update": "20250603", "category": "malicious", "result": "Ransom:Win32/Mischa.A"}, "Gridinsoft": {"method": "blacklist", "engine_name": "Gridinsoft", "engine_version": "1.0.217.174", "engine_update": "20250603", "category": "undetected", "result": null}, "Xcitium": {"method": "blacklist", "engine_name": "Xcitium", "engine_version": "37777", "engine_update": "20250603", "category": "malicious", "result": "Malware@#2kfqftyet7dvz"}, "Arcabit": {"method": "blacklist", "engine_name": "Arcabit", "engine_version": "2022.0.0.18", "engine_update": "20250603", "category": "malicious", "result": "Trojan.Generic.D35D159"}, "SUPERAntiSpyware": {"method": "blacklist", "engine_name": "SUPERAntiSpyware", "engine_version": "5.6.0.1032", "engine_update": "20250603", "category": "undetected", "result": null}, "ZoneAlarm": {"method": "blacklist", "engine_name": "ZoneAlarm", "engine_version": "6.17-105077489", "engine_update": "20250603", "category": "undetected", "result": null}, "GData": {"method": "blacklist", "engine_name": "GData", "engine_version": "GD:27.40566AVA:64.29287", "engine_update": "20250604", "category": "malicious", "result": "Win32.Trojan-Ransom.Petya.K"}, "Google": {"method": "blacklist", "engine_name": "Google", "engine_version": "1748995237", "engine_update": "20250604", "category": "malicious", "result": "Detected"}, "AhnLab-V3": {"method": "blacklist", "engine_name": "AhnLab-V3", "engine_version": "3.27.2.10550", "engine_update": "20250603", "category": "undetected", "result": null}, "Acronis": {"method": "blacklist", "engine_name": "Acronis", "engine_version": "1.2.0.121", "engine_update": "20240328", "category": "undetected", "result": null}, "VBA32": {"method": "blacklist", "engine_name": "VBA32", "engine_version": "5.3.2", "engine_update": "20250603", "category": "undetected", "result": null}, "TACHYON": {"method": "blacklist", "engine_name": "TACHYON", "engine_version": "2025-06-03.02", "engine_update": "20250603", "category": "undetected", "result": null}, "Malwarebytes": {"method": "blacklist", "engine_name": "Malwarebytes", "engine_version": "4.5.5.54", "engine_update": "20250603", "category": "undetected", "result": null}, "Panda": {"method": "blacklist", "engine_name": "Panda", "engine_version": "4.6.4.2", "engine_update": "20250603", "category": "malicious", "result": "Trj/Genetic.gen"}, "APEX": {"method": "blacklist", "engine_name": "APEX", "engine_version": "6.661", "engine_update": "20250601", "category": "malicious", "result": "Malicious"}, "Rising": {"method": "blacklist", "engine_name": "Rising", "engine_version": "25.0.0.28", "engine_update": "20250603", "category": "malicious", "result": "Trojan.Injector!1.127AD (CLASSIC)"}, "Yandex": {"method": "blacklist", "engine_name": "Yandex", "engine_version": "5.5.2.24", "engine_update": "20250602", "category": "undetected", "result": null}, "TrellixENS": {"method": "blacklist", "engine_name": "TrellixENS", "engine_version": "6.0.6.653", "engine_update": "20250603", "category": "malicious", "result": "Artemis!8ED9A60127AE"}, "huorong": {"method": "blacklist", "engine_name": "huorong", "engine_version": "8ef512c:8ef512c:21a7802:21a7802", "engine_update": "20250603", "category": "undetected", "result": null}, "MaxSecure": {"method": "blacklist", "engine_name": "MaxSecure", "engine_version": "1.0.0.1", "engine_update": "20250603", "category": "undetected", "result": null}, "Fortinet": {"method": "blacklist", "engine_name": "Fortinet", "engine_version": "7.0.30.0", "engine_update": "20250603", "category": "malicious", "result": "W32/Generic.AC.3883A0!tr"}, "Zoner": {"method": "blacklist", "engine_name": "Zoner", "engine_version": "2.2.2.0", "engine_update": "20250603", "category": "undetected", "result": null}, "DeepInstinct": {"method": "blacklist", "engine_name": "DeepInstinct", "engine_version": "5.0.0.8", "engine_update": "20250603", "category": "undetected", "result": null}, "alibabacloud": {"method": "blacklist", "engine_name": "alibabacloud", "engine_version": "2.2.0", "engine_update": "20250321", "category": "malicious", "result": "Ransom:Win/Diskcoder.Pylcq"}, "Skyhigh": {"method": "blacklist", "engine_name": "Skyhigh", "engine_version": null, "engine_update": "20250603", "category": "timeout", "result": null}, "Zillya": {"method": "blacklist", "engine_name": "Zillya", "engine_version": "2.0.0.5373", "engine_update": "20250603", "category": "timeout", "result": null}, "Trustlook": {"method": "blacklist", "engine_name": "Trustlook", "engine_version": "1.0", "engine_update": "20250604", "category": "type-unsupported", "result": null}, "SymantecMobileInsight": {"method": "blacklist", "engine_name": "SymantecMobileInsight", "engine_version": "2.0", "engine_update": "20250124", "category": "type-unsupported", "result": null}, "BitDefenderFalx": {"method": "blacklist", "engine_name": "BitDefenderFalx", "engine_version": "2.0.936", "engine_update": "20250416", "category": "type-unsupported", "result": null}, "Avast-Mobile": {"method": "blacklist", "engine_name": "Avast-Mobile", "engine_version": "250603-00", "engine_update": "20250603", "category": "type-unsupported", "result": null}}, "stats": {"malicious": 47, "suspicious": 0, "undetected": 23, "harmless": 0, "timeout": 2, "confirmed-timeout": 0, "failure": 0, "type-unsupported": 4}}, "static": {"pe": {"peid_signatures": ["Microsoft Visual C++ 7.0"], "pe_imports": [{"dll": "ole32.dll", "imports": [{"address": "0x401000", "name": "CoRevokeClassObject"}, {"address": "0x401004", "name": "CoRegisterClassObject"}, {"address": "0x401008", "name": "CoTaskMemAlloc"}, {"address": "0x40100c", "name": "CoTaskMemRealloc"}, {"address": "0x401010", "name": "StringFromGUID2"}, {"address": "0x401014", "name": "CoDisconnectObject"}, {"address": "0x401018", "name": "CoUninitialize"}, {"address": "0x40101c", "name": "CoRevertToSelf"}, {"address": "0x401020", "name": "CoInitializeSecurity"}, {"address": "0x401024", "name": "CoCreateGuid"}, {"address": "0x401028", "name": "CLSIDFromString"}, {"address": "0x40102c", "name": "CoGetClassObject"}, {"address": "0x401030", "name": "CoGetCallContext"}, {"address": "0x401034", "name": "StringFromIID"}, {"address": "0x401038", "name": "CoCreateInstance"}, {"address": "0x40103c", "name": "CoSetProxyBlanket"}, {"address": "0x401040", "name": "CoInitializeEx"}, {"address": "0x401044", "name": "CoImpersonateClient"}, {"address": "0x401048", "name": "CoQueryProxyBlanket"}, {"address": "0x40104c", "name": "StringFromCLSID"}, {"address": "0x401050", "name": "CoTaskMemFree"}]}, {"dll": "OLEAUT32.dll", "imports": [{"address": "0x401058", "name": "SysFreeString"}, {"address": "0x40105c", "name": "SysAllocStringLen"}, {"address": "0x401060", "name": "SysAllocString"}, {"address": "0x401064", "name": "SafeArrayDestroy"}, {"address": "0x401068", "name": "SafeArrayUnaccessData"}, {"address": "0x40106c", "name": "SafeArrayAccessData"}, {"address": "0x401070", "name": "VarBstrCat"}, {"address": "0x401074", "name": "VariantClear"}, {"address": "0x401078", "name": "VariantInit"}, {"address": "0x40107c", "name": "VarUI4FromStr"}, {"address": "0x401080", "name": "RegisterTypeLib"}, {"address": "0x401084", "name": "UnRegisterTypeLib"}, {"address": "0x401088", "name": "LoadTypeLib"}, {"address": "0x40108c", "name": "SysStringByteLen"}, {"address": "0x401090", "name": "SysAllocStringByteLen"}, {"address": "0x401094", "name": "SafeArrayCreate"}]}, {"dll": "VERSION.dll", "imports": [{"address": "0x40109c", "name": "GetFileVersionInfoA"}, {"address": "0x4010a0", "name": "VerQueryValueA"}, {"address": "0x4010a4", "name": "GetFileVersionInfoSizeA"}]}, {"dll": "RPCRT4.dll", "imports": [{"address": "0x4010ac", "name": "RpcStringFreeA"}, {"address": "0x4010b0", "name": "RpcBindingFromStringBindingA"}, {"address": "0x4010b4", "name": "RpcStringBindingComposeA"}, {"address": "0x4010b8", "name": "NdrClientCall"}, {"address": "0x4010bc", "name": "RpcBindingSetAuthInfoA"}]}, {"dll": "SHLWAPI.dll", "imports": [{"address": "0x4010c4", "name": "PathFindExtensionA"}]}, {"dll": "ADVAPI32.dll", "imports": [{"address": "0x4010cc", "name": "RegOpenKeyExW"}, {"address": "0x4010d0", "name": "QueryServiceStatus"}, {"address": "0x4010d4", "name": "LookupAccountSidA"}, {"address": "0x4010d8", "name": "PrivilegeCheck"}, {"address": "0x4010dc", "name": "IsValidSecurityDescriptor"}, {"address": "0x4010e0", "name": "DuplicateTokenEx"}, {"address": "0x4010e4", "name": "AddAce"}, {"address": "0x4010e8", "name": "GetSecurityDescriptorLength"}, {"address": "0x4010ec", "name": "GetUserNameA"}, {"address": "0x4010f0", "name": "InitializeSecurityDescriptor"}, {"address": "0x4010f4", "name": "SetSecurityDescriptorOwner"}, {"address": "0x4010f8", "name": "SetSecurityDescriptorGroup"}, {"address": "0x4010fc", "name": "SetSecurityDescriptorSacl"}, {"address": "0x401100", "name": "MakeAbsoluteSD"}, {"address": "0x401104", "name": "SetSecurityDescriptorDacl"}, {"address": "0x401108", "name": "MakeSelfRelativeSD"}, {"address": "0x40110c", "name": "InitializeAcl"}, {"address": "0x401110", "name": "AddAccessAllowedAce"}, {"address": "0x401114", "name": "AddAccessDeniedAce"}, {"address": "0x401118", "name": "AllocateAndInitializeSid"}, {"address": "0x40111c", "name": "FreeSid"}, {"address": "0x401120", "name": "RegConnectRegistryA"}, {"address": "0x401124", "name": "RegSetKeySecurity"}, {"address": "0x401128", "name": "LookupAccountNameA"}, {"address": "0x40112c", "name": "GetAclInformation"}, {"address": "0x401130", "name": "GetAce"}, {"address": "0x401134", "name": "DuplicateToken"}, {"address": "0x401138", "name": "GetSidLengthRequired"}, {"address": "0x40113c", "name": "InitializeSid"}, {"address": "0x401140", "name": "GetSidSubAuthority"}, {"address": "0x401144", "name": "AccessCheck"}, {"address": "0x401148", "name": "GetSecurityDescriptorOwner"}, {"address": "0x40114c", "name": "GetSecurityDescriptorGroup"}, {"address": "0x401150", "name": "GetSecurityDescriptorDacl"}, {"address": "0x401154", "name": "GetSecurityDescriptorSacl"}, {"address": "0x401158", "name": "EqualSid"}, {"address": "0x40115c", "name": "GetSecurityDescriptorControl"}, {"address": "0x401160", "name": "GetLengthSid"}, {"address": "0x401164", "name": "CopySid"}, {"address": "0x401168", "name": "IsValidSid"}, {"address": "0x40116c", "name": "LookupAccountSidW"}, {"address": "0x401170", "name": "RegCreateKeyA"}, {"address": "0x401174", "name": "RegEnumValueA"}, {"address": "0x401178", "name": "RegQueryValueExA"}, {"address": "0x40117c", "name": "StartServiceCtrlDispatcherA"}, {"address": "0x401180", "name": "RegisterServiceCtrlHandlerA"}, {"address": "0x401184", "name": "ControlService"}, {"address": "0x401188", "name": "DeleteService"}, {"address": "0x40118c", "name": "SetThreadToken"}, {"address": "0x401190", "name": "RegDeleteKeyA"}, {"address": "0x401194", "name": "RegCloseKey"}, {"address": "0x401198", "name": "RegOpenKeyExA"}, {"address": "0x40119c", "name": "RegEnumKeyA"}, {"address": "0x4011a0", "name": "SetServiceStatus"}, {"address": "0x4011a4", "name": "AdjustTokenPrivileges"}, {"address": "0x4011a8", "name": "OpenProcessToken"}, {"address": "0x4011ac", "name": "LookupPrivilegeValueA"}, {"address": "0x4011b0", "name": "GetTokenInformation"}, {"address": "0x4011b4", "name": "OpenThreadToken"}, {"address": "0x4011b8", "name": "RegDeleteValueA"}, {"address": "0x4011bc", "name": "RegCreateKeyExA"}, {"address": "0x4011c0", "name": "RegSetValueExA"}, {"address": "0x4011c4", "name": "RegQueryInfoKeyA"}, {"address": "0x4011c8", "name": "RegEnumKeyExA"}, {"address": "0x4011cc", "name": "DeregisterEventSource"}, {"address": "0x4011d0", "name": "ReportEventA"}, {"address": "0x4011d4", "name": "RegisterEventSourceA"}, {"address": "0x4011d8", "name": "CloseServiceHandle"}, {"address": "0x4011dc", "name": "ChangeServiceConfigA"}, {"address": "0x4011e0", "name": "OpenServiceA"}, {"address": "0x4011e4", "name": "CreateServiceA"}, {"address": "0x4011e8", "name": "OpenSCManagerA"}, {"address": "0x4011ec", "name": "RegQueryValueExW"}]}, {"dll": "KERNEL32.dll", "imports": [{"address": "0x4011f4", "name": "HeapFree"}, {"address": "0x4011f8", "name": "VirtualProtect"}, {"address": "0x4011fc", "name": "VirtualAlloc"}, {"address": "0x401200", "name": "GetSystemInfo"}, {"address": "0x401204", "name": "VirtualQuery"}, {"address": "0x401208", "name": "RtlUnwind"}, {"address": "0x40120c", "name": "IsBadWritePtr"}, {"address": "0x401210", "name": "HeapSize"}, {"address": "0x401214", "name": "GetOEMCP"}, {"address": "0x401218", "name": "GetCPInfo"}, {"address": "0x40121c", "name": "HeapReAlloc"}, {"address": "0x401220", "name": "WriteFile"}, {"address": "0x401224", "name": "GetStdHandle"}, {"address": "0x401228", "name": "UnhandledExceptionFilter"}, {"address": "0x40122c", "name": "FreeEnvironmentStringsA"}, {"address": "0x401230", "name": "GetEnvironmentStrings"}, {"address": "0x401234", "name": "FreeEnvironmentStringsW"}, {"address": "0x401238", "name": "GetEnvironmentStringsW"}, {"address": "0x40123c", "name": "SetHandleCount"}, {"address": "0x401240", "name": "GetFileType"}, {"address": "0x401244", "name": "TlsAlloc"}, {"address": "0x401248", "name": "TlsFree"}, {"address": "0x40124c", "name": "TlsSetValue"}, {"address": "0x401250", "name": "TlsGetValue"}, {"address": "0x401254", "name": "HeapDestroy"}, {"address": "0x401258", "name": "HeapCreate"}, {"address": "0x40125c", "name": "VirtualFree"}, {"address": "0x401260", "name": "LCMapStringA"}, {"address": "0x401264", "name": "LCMapStringW"}, {"address": "0x401268", "name": "GetStringTypeA"}, {"address": "0x40126c", "name": "GetStringTypeW"}, {"address": "0x401270", "name": "IsBadReadPtr"}, {"address": "0x401274", "name": "IsBadCodePtr"}, {"address": "0x401278", "name": "SetStdHandle"}, {"address": "0x40127c", "name": "FlushFileBuffers"}, {"address": "0x401280", "name": "SetEndOfFile"}, {"address": "0x401284", "name": "GetProcessHeap"}, {"address": "0x401288", "name": "GetSystemTimeAsFileTime"}, {"address": "0x40128c", "name": "GetLastError"}, {"address": "0x401290", "name": "FreeLibrary"}, {"address": "0x401294", "name": "GetProcAddress"}, {"address": "0x401298", "name": "LoadLibraryW"}, {"address": "0x40129c", "name": "InterlockedExchange"}, {"address": "0x4012a0", "name": "GetACP"}, {"address": "0x4012a4", "name": "GetLocaleInfoA"}, {"address": "0x4012a8", "name": "GetThreadLocale"}, {"address": "0x4012ac", "name": "GetVersionExA"}, {"address": "0x4012b0", "name": "MultiByteToWideChar"}, {"address": "0x4012b4", "name": "WideCharToMultiByte"}, {"address": "0x4012b8", "name": "RaiseException"}, {"address": "0x4012bc", "name": "InitializeCriticalSection"}, {"address": "0x4012c0", "name": "DeleteCriticalSection"}, {"address": "0x4012c4", "name": "GetVersion"}, {"address": "0x4012c8", "name": "lstrcmpiA"}, {"address": "0x4012cc", "name": "lstrlenW"}, {"address": "0x4012d0", "name": "lstrlenA"}, {"address": "0x4012d4", "name": "CloseHandle"}, {"address": "0x4012d8", "name": "OpenProcess"}, {"address": "0x4012dc", "name": "CompareStringA"}, {"address": "0x4012e0", "name": "CompareStringW"}, {"address": "0x4012e4", "name": "HeapAlloc"}, {"address": "0x4012e8", "name": "InterlockedIncrement"}, {"address": "0x4012ec", "name": "InterlockedDecrement"}, {"address": "0x4012f0", "name": "LoadLibraryA"}, {"address": "0x4012f4", "name": "GetModuleHandleA"}, {"address": "0x4012f8", "name": "WaitForSingleObject"}, {"address": "0x4012fc", "name": "CreateEventA"}, {"address": "0x401300", "name": "SetEvent"}, {"address": "0x401304", "name": "TerminateThread"}, {"address": "0x401308", "name": "CreateThread"}, {"address": "0x40130c", "name": "GetCurrentThreadId"}, {"address": "0x401310", "name": "EnterCriticalSection"}, {"address": "0x401314", "name": "LeaveCriticalSection"}, {"address": "0x401318", "name": "GetComputerNameA"}, {"address": "0x40131c", "name": "LocalFree"}, {"address": "0x401320", "name": "GetCurrentProcess"}, {"address": "0x401324", "name": "GetCurrentThread"}, {"address": "0x401328", "name": "lstrcpynA"}, {"address": "0x40132c", "name": "lstrcpyA"}, {"address": "0x401330", "name": "GetModuleFileNameA"}, {"address": "0x401334", "name": "lstrcatA"}, {"address": "0x401338", "name": "IsDBCSLeadByte"}, {"address": "0x40133c", "name": "FormatMessageA"}, {"address": "0x401340", "name": "GetFileAttributesA"}, {"address": "0x401344", "name": "SizeofResource"}, {"address": "0x401348", "name": "LoadResource"}, {"address": "0x40134c", "name": "FindResourceA"}, {"address": "0x401350", "name": "LoadLibraryExA"}, {"address": "0x401354", "name": "SetUnhandledExceptionFilter"}, {"address": "0x401358", "name": "GetCommandLineA"}, {"address": "0x40135c", "name": "GetCurrentProcessId"}, {"address": "0x401360", "name": "SetErrorMode"}, {"address": "0x401364", "name": "GetProcessTimes"}, {"address": "0x401368", "name": "GetPrivateProfileStringA"}, {"address": "0x40136c", "name": "TerminateProcess"}, {"address": "0x401370", "name": "GetPrivateProfileSectionA"}, {"address": "0x401374", "name": "GetPrivateProfileIntA"}, {"address": "0x401378", "name": "CreateFileA"}, {"address": "0x40137c", "name": "GetProfileStringA"}, {"address": "0x401380", "name": "CreateDirectoryA"}, {"address": "0x401384", "name": "WritePrivateProfileStringA"}, {"address": "0x401388", "name": "WriteProfileStringA"}, {"address": "0x40138c", "name": "GetPrivateProfileSectionNamesA"}, {"address": "0x401390", "name": "GetTickCount"}, {"address": "0x401394", "name": "LocalAlloc"}, {"address": "0x401398", "name": "LockResource"}, {"address": "0x40139c", "name": "CreateProcessA"}, {"address": "0x4013a0", "name": "InterlockedCompareExchange"}, {"address": "0x4013a4", "name": "SetEnvironmentVariableA"}, {"address": "0x4013a8", "name": "GetSystemDirectoryA"}, {"address": "0x4013ac", "name": "Sleep"}, {"address": "0x4013b0", "name": "GetModuleHandleW"}, {"address": "0x4013b4", "name": "LocalSize"}, {"address": "0x4013b8", "name": "ReadFile"}, {"address": "0x4013bc", "name": "SetFilePointer"}, {"address": "0x4013c0", "name": "SetLastError"}, {"address": "0x4013c4", "name": "ReadProcessMemory"}, {"address": "0x4013c8", "name": "FindClose"}, {"address": "0x4013cc", "name": "FindFirstFileA"}, {"address": "0x4013d0", "name": "FindResourceExA"}, {"address": "0x4013d4", "name": "UnmapViewOfFile"}, {"address": "0x4013d8", "name": "DuplicateHandle"}, {"address": "0x4013dc", "name": "GetModuleFileNameW"}, {"address": "0x4013e0", "name": "MapViewOfFile"}, {"address": "0x4013e4", "name": "CreateFileMappingA"}, {"address": "0x4013e8", "name": "CreateMutexA"}, {"address": "0x4013ec", "name": "ReleaseMutex"}, {"address": "0x4013f0", "name": "GetExitCodeProcess"}, {"address": "0x4013f4", "name": "CreateProcessW"}, {"address": "0x4013f8", "name": "GetStartupInfoA"}, {"address": "0x4013fc", "name": "ExitProcess"}, {"address": "0x401400", "name": "QueryPerformanceCounter"}]}, {"dll": "USER32.dll", "imports": [{"address": "0x401408", "name": "wsprintfA"}, {"address": "0x40140c", "name": "wsprintfW"}, {"address": "0x401410", "name": "EnumWindows"}, {"address": "0x401414", "name": "GetWindowThreadProcessId"}, {"address": "0x401418", "name": "IsWindowVisible"}, {"address": "0x40141c", "name": "GetWindowTextA"}, {"address": "0x401420", "name": "DispatchMessageA"}, {"address": "0x401424", "name": "MessageBoxA"}, {"address": "0x401428", "name": "LoadStringA"}, {"address": "0x40142c", "name": "CharNextA"}, {"address": "0x401430", "name": "PeekMessageA"}, {"address": "0x401434", "name": "SetTimer"}, {"address": "0x401438", "name": "GetMessageA"}, {"address": "0x40143c", "name": "KillTimer"}, {"address": "0x401440", "name": "PostThreadMessageA"}, {"address": "0x401444", "name": "CharUpperA"}]}], "pe_exports": [], "pe_sections": [{"name": ".text", "virtual_address": "0x00001000", "virtual_size": "0x0004a513", "size_of_data": "0x0004b000", "entropy": 7.0907258071486945}, {"name": ".data", "virtual_address": "0x0004c000", "virtual_size": "0x00002ae8", "size_of_data": "0x00003000", "entropy": 0.936751122798437}, {"name": ".rsrc", "virtual_address": "0x0004f000", "virtual_size": "0x000029a0", "size_of_data": "0x00003000", "entropy": 4.193211651024861}], "pe_resources": [{"name": "REGISTRY", "offset": "0x000501e8", "size": "0x000000f4", "filetype": "ASCII text, with CRLF line terminators", "language": "LANG_ENGLISH", "sublanguage": "SUBLANG_ENGLISH_US"}, {"name": "REGISTRY", "offset": "0x000502e0", "size": "0x00000197", "filetype": "ASCII text, with CRLF line terminators", "language": "LANG_ENGLISH", "sublanguage": "SUBLANG_ENGLISH_US"}, {"name": "REGISTRY", "offset": "0x00050478", "size": "0x000002d7", "filetype": "ASCII text, with CRLF line terminators", "language": "LANG_ENGLISH", "sublanguage": "SUBLANG_ENGLISH_US"}, {"name": "REGISTRY", "offset": "0x00050750", "size": "0x00000106", "filetype": "ASCII text, with CRLF line terminators", "language": "LANG_ENGLISH", "sublanguage": "SUBLANG_ENGLISH_US"}, {"name": "REGISTRY", "offset": "0x00050858", "size": "0x000002df", "filetype": "ASCII text, with CRLF line terminators", "language": "LANG_ENGLISH", "sublanguage": "SUBLANG_ENGLISH_US"}, {"name": "REGISTRY", "offset": "0x00050b38", "size": "0x000001d1", "filetype": "ASCII text, with CRLF line terminators", "language": "LANG_ENGLISH", "sublanguage": "SUBLANG_ENGLISH_US"}, {"name": "REGISTRY", "offset": "0x00050d10", "size": "0x000001dd", "filetype": "ASCII text, with CRLF line terminators", "language": "LANG_ENGLISH", "sublanguage": "SUBLANG_ENGLISH_US"}, {"name": "REGISTRY", "offset": "0x00050ef0", "size": "0x000001b3", "filetype": "ASCII text, with CRLF line terminators", "language": "LANG_ENGLISH", "sublanguage": "SUBLANG_ENGLISH_US"}, {"name": "REGISTRY", "offset": "0x000510a8", "size": "0x000000f5", "filetype": "ASCII text, with CRLF line terminators", "language": "LANG_ENGLISH", "sublanguage": "SUBLANG_ENGLISH_US"}, {"name": "REGISTRY", "offset": "0x000511a0", "size": "0x000001c5", "filetype": "ASCII text, with CRLF line terminators", "language": "LANG_ENGLISH", "sublanguage": "SUBLANG_ENGLISH_US"}, {"name": "RT_STRING", "offset": "0x0004f420", "size": "0x0000017e", "filetype": "data", "language": "LANG_ENGLISH", "sublanguage": "SUBLANG_ENGLISH_US"}, {"name": "RT_STRING", "offset": "0x0004f8e0", "size": "0x0000024c", "filetype": "data", "language": "LANG_ENGLISH", "sublanguage": "SUBLANG_ENGLISH_US"}, {"name": "RT_STRING", "offset": "0x00051368", "size": "0x0000003c", "filetype": "data", "language": "LANG_ENGLISH", "sublanguage": "SUBLANG_ENGLISH_US"}, {"name": "RT_STRING", "offset": "0x000513a8", "size": "0x00000060", "filetype": "Matlab v4 mat-file (little endian) N, numeric, rows 0, columns 0", "language": "LANG_ENGLISH", "sublanguage": "SUBLANG_ENGLISH_US"}, {"name": "RT_STRING", "offset": "0x00051408", "size": "0x000004e6", "filetype": "data", "language": "LANG_ENGLISH", "sublanguage": "SUBLANG_ENGLISH_US"}, {"name": "RT_STRING", "offset": "0x000518f0", "size": "0x000000ae", "filetype": "data", "language": "LANG_ENGLISH", "sublanguage": "SUBLANG_ENGLISH_US"}, {"name": "RT_STRING", "offset": "0x0004fb30", "size": "0x00000272", "filetype": "data", "language": "LANG_ENGLISH", "sublanguage": "SUBLANG_ENGLISH_US"}, {"name": "RT_MESSAGETABLE", "offset": "0x0004fda8", "size": "0x0000043c", "filetype": "data", "language": "LANG_ENGLISH", "sublanguage": "SUBLANG_ENGLISH_US"}, {"name": "RT_VERSION", "offset": "0x0004f5a0", "size": "0x00000340", "filetype": "data", "language": "LANG_ENGLISH", "sublanguage": "SUBLANG_ENGLISH_US"}], "pe_versioninfo": [{"name": "CompanyName", "value": "Microsoft Corporation"}, {"name": "FileDescription", "value": "Machine Debug Manager"}, {"name": "FileVersion", "value": "7.10.3077"}, {"name": "InternalName", "value": "mdm.exe"}, {"name": "LegalCopyright", "value": "Copyright\u00a9 Microsoft Corporation.  All rights reserved."}, {"name": "OriginalFilename", "value": "mdm.exe"}, {"name": "ProductName", "value": "Microsoft\u00ae Visual Studio .NET"}, {"name": "ProductVersion", "value": "7.10.3077"}, {"name": "Translation", "value": "0x0409 0x04b0"}], "pe_imphash": "03e225ed8d142359cb962f60d24cbe92", "pe_timestamp": "2003-03-19T10:55:52", "signatures": []}}, "command": {}, "errors": {}}