{"id": "20250608-2JE3IT", "kind": "standard", "state": "finished", "settings": {"timeout": 120, "priority": 1, "platforms": [{"platform": "windows", "os_version": "10", "tags": [], "settings": {"browser": "", "command": [], "route": {}}}], "manual": true, "dump_memory": false, "options": {}, "enforce_timeout": true, "route": {"type": "internet", "options": {}}, "command": [], "orig_filename": false, "password": "infected", "browser": "", "extrpath": ["eaeac3ce9078d326c6cb1ce660e2c2dd778173dd1ba269f51af84dfbb18a5fb0.exe"]}, "created_on": {"__isodt__": "2025-06-08T10:36:54.942717"}, "category": "file", "submitted": {"size": 3224515, "md5": "360cc8060c847fc1f4f54b1d9cad9ac6", "sha1": "c69191c6ffe62e78d334231b6bc13e570349f5be", "sha256": "29778f64301dbf46a3cf9e571b8399134af32ca2dce279607647839911845f58", "sha512": "52833d20b7727fa141aa973f17b326c4937457a1c49a02ec546d113da4eccfd5a99ffbb08931260dd5f3b0ab59f9a98fb1586b3bd6994fe7436a369a46a1d90e", "media_type": "application/zip", "type": "Zip archive data, at least v5.1 to extract, compression method=AES Encrypted", "filename": "remcotsrat.zip", "category": "file"}, "score": 10, "target": {"filename": "eaeac3ce9078d326c6cb1ce660e2c2dd778173dd1ba269f51af84dfbb18a5fb0.exe", "orig_filename": "eaeac3ce9078d326c6cb1ce660e2c2dd778173dd1ba269f51af84dfbb18a5fb0.exe", "platforms": [{"platform": "windows", "os_version": ""}], "machine_tags": ["dotnet"], "size": 3256832, "filetype": "PE32 executable (GUI) Intel 80386 Mono/.Net assembly, for MS Windows", "media_type": "application/x-dosexec", "extrpath": ["eaeac3ce9078d326c6cb1ce660e2c2dd778173dd1ba269f51af84dfbb18a5fb0.exe"], "container": false, "sha512": "10eba358f7008fe12089b2c873b3fcc3ac0e54f6580e1f24bdeede769b4e13cc03bd42b133085e70bf2b8bcf99899b30c37065e6474445761550a182502c94fc", "sha256": "eaeac3ce9078d326c6cb1ce660e2c2dd778173dd1ba269f51af84dfbb18a5fb0", "sha1": "38f031a88d8871dfd590623a9ac6600509f1da2a", "md5": "1eb83943896efb099aecafe9caf38ccb"}, "errors": {}, "tasks": [{"id": "20250608-2JE3IT_1", "platform": "windows", "os_version": "10", "state": "reported", "score": 10, "started_on": {"__isodt__": "2025-06-08T10:37:00.520046"}, "stopped_on": {"__isodt__": "2025-06-08T10:39:18.791149"}}], "families": [], "tags": [], "ttps": [{"id": "T1012", "name": "Query Registry", "tactics": ["Discovery"], "reference": "https://attack.mitre.org/techniques/T1012", "subtechniques": []}, {"id": "T1497.001", "name": "System Checks", "tactics": ["Defense Evasion", "Discovery"], "reference": "https://attack.mitre.org/techniques/T1497/001", "subtechniques": []}, {"id": "T1547.001", "name": "Registry Run Keys / Startup Folder", "tactics": ["Persistence", "Privilege Escalation"], "reference": "https://attack.mitre.org/techniques/T1547/001", "subtechniques": []}, {"id": "T1082", "name": "System Information Discovery", "tactics": ["Discovery"], "reference": "https://attack.mitre.org/techniques/T1082", "subtechniques": []}]}