{"id": "20250608-O0QV1S", "kind": "standard", "state": "finished", "settings": {"timeout": 120, "priority": 1, "platforms": [{"platform": "windows", "os_version": "10", "tags": [], "settings": {"browser": "", "command": [], "route": {}}}], "manual": true, "dump_memory": false, "options": {}, "enforce_timeout": true, "route": {"type": "internet", "options": {}}, "command": [], "orig_filename": false, "password": "infected", "browser": "", "extrpath": ["da9c3deb08bfc6a2e7930a4c8f1bd81b5ebffbb09b44027c74ea41ebf7149f8b.pdf"]}, "created_on": {"__isodt__": "2025-06-08T09:42:07.533535"}, "category": "file", "submitted": {"size": 233103, "md5": "3d4cfa69e2353b1655352b7c0c459dac", "sha1": "6cc1148bd28c7309cd23a5a86edbce7c195ce3df", "sha256": "5e87d7ad673acb4e28eaebaaffe8e73a14508ef48dce94cad8776a5bc21aa3aa", "sha512": "b836953e65663edfde9e28272c8bd05a3599ea5993cb28c96afcd4c687970e755f1bff2ffa09a765763ed2564aa89fa3eefd4d65ae3492cea13a47cb7e6fa4be", "media_type": "application/zip", "type": "Zip archive data, at least v5.1 to extract, compression method=AES Encrypted", "filename": "lokipdf.zip", "category": "file"}, "score": 10, "target": {"filename": "da9c3deb08bfc6a2e7930a4c8f1bd81b5ebffbb09b44027c74ea41ebf7149f8b.pdf", "orig_filename": "da9c3deb08bfc6a2e7930a4c8f1bd81b5ebffbb09b44027c74ea41ebf7149f8b.pdf", "platforms": [{"platform": "windows", "os_version": ""}], "machine_tags": ["pdfreader"], "size": 233615, "filetype": "PDF document, version 1.6", "media_type": "application/pdf", "extrpath": ["da9c3deb08bfc6a2e7930a4c8f1bd81b5ebffbb09b44027c74ea41ebf7149f8b.pdf"], "container": false, "sha512": "1fd6e83dcc3bf38752287f9e4bde91fc55d45e7d96be03382353bde738b00a06471b5b6fb814dc923c0e6820d40231d8fb8ffa1422c17c5dac7e2ba4b72da1ed", "sha256": "da9c3deb08bfc6a2e7930a4c8f1bd81b5ebffbb09b44027c74ea41ebf7149f8b", "sha1": "294d792e066dbda1d0b45005a2aaa117f56442a7", "md5": "309e9ca72fafe0247cc84fbebf448bbc"}, "errors": {}, "tasks": [{"id": "20250608-O0QV1S_1", "platform": "windows", "os_version": "10", "state": "reported", "score": 7, "started_on": {"__isodt__": "2025-06-08T09:42:15.487138"}, "stopped_on": {"__isodt__": "2025-06-08T09:44:36.669255"}}], "families": [], "tags": [], "ttps": [{"id": "T1012", "name": "Query Registry", "tactics": ["Discovery"], "reference": "https://attack.mitre.org/techniques/T1012", "subtechniques": []}, {"id": "T1497.001", "name": "System Checks", "tactics": ["Defense Evasion", "Discovery"], "reference": "https://attack.mitre.org/techniques/T1497/001", "subtechniques": []}, {"id": "T1082", "name": "System Information Discovery", "tactics": ["Discovery"], "reference": "https://attack.mitre.org/techniques/T1082", "subtechniques": []}]}